==========================================================================
🚀 BẮT ĐẦU BENCHMARK TOÀN DIỆN CHO QWEN3-VL LORA V2 (ENHANCED)
Thời gian khởi động: Tue Sep 15 08:52:55 AM +07 2026
==========================================================================
>>> [1/2] Đang chạy Official Benchmark (1,166 mẫu)...
==========================================================================================
🚀 KHỞI ĐỘNG BENCHMARK MA TRẬN CHO HỌ QWEN3-VL (1166 MẪU)
   Target Model: LORA_V2_ENHANCED
   File kết quả: /home/haderax/DoAn/official_benchmark/benchmark_results.csv
==========================================================================================

=========================================================================
🏁 ĐANG ĐÁNH GIÁ: Qwen3-VL (8B) - LoRA v2 (Enhanced)
=========================================================================
[3/1166] minimart_anan_val_410.png | Latency: 8.75s | Macro-F1: 100.0% | Seller: 100.0% | Total: 100.0% | Item-R: 100.0%
[4/1166] cafe_starbucks_2026-06-27T10-56-20-613Z_kujdti.jpg | Latency: 10.68s | Macro-F1: 87.5% | Seller: 100.0% | Total: 100.0% | Item-R: 100.0%
[5/1166] einvoice_vnpt_train_224.png | Latency: 11.9s | Macro-F1: 100.0% | Seller: 100.0% | Total: 100.0% | Item-R: 100.0%
[6/1166] cafe_starbucks_train_273.png | Latency: 6.5s | Macro-F1: 87.5% | Seller: 100.0% | Total: 100.0% | Item-R: 100.0%
[7/1166] convenience_circlek_train_139.png | Latency: 8.71s | Macro-F1: 100.0% | Seller: 100.0% | Total: 100.0% | Item-R: 100.0%
[8/1166] restaurant_kfc_train_203.png | Latency: 7.09s | Macro-F1: 100.0% | Seller: 100.0% | Total: 100.0% | Item-R: 100.0%
[9/1166] supermarket_bachhoaxanh_train_286.png | Latency: 6.42s | Macro-F1: 100.0% | Seller: 100.0% | Total: 100.0% | Item-R: 100.0%
[10/1166] minimart_anan_train_208.png | Latency: 5.91s | Macro-F1: 100.0% | Seller: 100.0% | Total: 100.0% | Item-R: 100.0%
[11/1166] einvoice_vnpt_train_269.png | Latency: 11.78s | Macro-F1: 100.0% | Seller: 100.0% | Total: 100.0% | Item-R: 100.0%
[12/1166] convenience_7eleven_train_500.png | Latency: 9.66s | Macro-F1: 75.0% | Seller: 100.0% | Total: 100.0% | Item-R: 100.0%
[13/1166] cafe_phuclong_train_270.png | Latency: 7.69s | Macro-F1: 87.5% | Seller: 100.0% | Total: 100.0% | Item-R: 100.0%
[14/1166] z7981210319491_996d309db742a7ee282f8cf854023185.jpg | Latency: 8.95s | Macro-F1: 87.5% | Seller: 100.0% | Total: 0.0% | Item-R: 100.0%
[15/1166] restaurant_kfc_val_280.png | Latency: 11.29s | Macro-F1: 100.0% | Seller: 100.0% | Total: 100.0% | Item-R: 100.0%
[16/1166] cafe_phuclong_val_294.png | Latency: 10.38s | Macro-F1: 87.5% | Seller: 100.0% | Total: 100.0% | Item-R: 100.0%
[17/1166] cafe_phuclong_train_609.png | Latency: 9.03s | Macro-F1: 87.5% | Seller: 100.0% | Total: 100.0% | Item-R: 100.0%
[18/1166] supermarket_bachhoaxanh_train_551.png | Latency: 9.05s | Macro-F1: 100.0% | Seller: 100.0% | Total: 100.0% | Item-R: 100.0%
[19/1166] cafe_highlands_train_232.png | Latency: 10.42s | Macro-F1: 87.5% | Seller: 100.0% | Total: 100.0% | Item-R: 100.0%
[20/1166] convenience_circlek_val_147.png | Latency: 6.08s | Macro-F1: 100.0% | Seller: 100.0% | Total: 100.0% | Item-R: 100.0%
[21/1166] minimart_anan_train_431.png | Latency: 8.87s | Macro-F1: 100.0% | Seller: 100.0% | Total: 100.0% | Item-R: 100.0%
[22/1166] receipt_c45_bb_train_324.png | Latency: 3.17s | Macro-F1: 100.0% | Seller: 100.0% | Total: 100.0% | Item-R: 100.0%
[23/1166] convenience_gs25_val_545.png | Latency: 11.68s | Macro-F1: 81.2% | Seller: 100.0% | Total: 100.0% | Item-R: 100.0%
[24/1166] cafe_starbucks_train_323.png | Latency: 9.51s | Macro-F1: 87.5% | Seller: 100.0% | Total: 100.0% | Item-R: 100.0%
[25/1166] supermarket_bachhoaxanh_train_489.png | Latency: 10.24s | Macro-F1: 100.0% | Seller: 100.0% | Total: 100.0% | Item-R: 100.0%
[26/1166] convenience_7eleven_train_572.png | Latency: 6.06s | Macro-F1: 75.0% | Seller: 100.0% | Total: 100.0% | Item-R: 100.0%
[27/1166] minimart_anan_train_299.png | Latency: 6.06s | Macro-F1: 100.0% | Seller: 100.0% | Total: 100.0% | Item-R: 100.0%
[28/1166] restaurant_kfc_train_231.png | Latency: 6.94s | Macro-F1: 100.0% | Seller: 100.0% | Total: 100.0% | Item-R: 100.0%
[29/1166] convenience_7eleven_train_231.png | Latency: 9.62s | Macro-F1: 75.0% | Seller: 100.0% | Total: 100.0% | Item-R: 100.0%
[30/1166] convenience_7eleven_train_632.png | Latency: 7.13s | Macro-F1: 75.0% | Seller: 100.0% | Total: 100.0% | Item-R: 100.0%
[31/1166] einvoice_vnpt_train_469.png | Latency: 11.68s | Macro-F1: 100.0% | Seller: 100.0% | Total: 100.0% | Item-R: 100.0%
[32/1166] supermarket_bachhoaxanh_train_637.png | Latency: 9.16s | Macro-F1: 100.0% | Seller: 100.0% | Total: 100.0% | Item-R: 100.0%
[33/1166] cafe_phuclong_2026-07-06T07-36-40-559Z_89mbu.jpeg | Latency: 7.15s | Macro-F1: 62.5% | Seller: 100.0% | Total: 100.0% | Item-R: 100.0%
[34/1166] supermarket_lotte_2026-07-06T07-45-28-261Z_go8m7s.jpeg | Latency: 10.35s | Macro-F1: 82.1% | Seller: 96.4% | Total: 100.0% | Item-R: 100.0%
[35/1166] convenience_circlek_train_490.png | Latency: 8.75s | Macro-F1: 100.0% | Seller: 100.0% | Total: 100.0% | Item-R: 100.0%
[36/1166] convenience_gs25_train_323.png | Latency: 8.9s | Macro-F1: 100.0% | Seller: 100.0% | Total: 100.0% | Item-R: 100.0%
[37/1166] supermarket_lotte_val_407.png | Latency: 8.36s | Macro-F1: 100.0% | Seller: 100.0% | Total: 100.0% | Item-R: 100.0%
[38/1166] cafe_highlands_train_048.png | Latency: 5.64s | Macro-F1: 87.5% | Seller: 100.0% | Total: 100.0% | Item-R: 100.0%
[39/1166] restaurant_kfc_train_184.png | Latency: 8.46s | Macro-F1: 100.0% | Seller: 100.0% | Total: 100.0% | Item-R: 100.0%
[40/1166] supermarket_bachhoaxanh_train_362.png | Latency: 7.51s | Macro-F1: 100.0% | Seller: 100.0% | Total: 100.0% | Item-R: 100.0%
[41/1166] convenience_circlek_train_013.png | Latency: 11.38s | Macro-F1: 100.0% | Seller: 100.0% | Total: 100.0% | Item-R: 100.0%
[42/1166] convenience_circlek_train_228.png | Latency: 7.24s | Macro-F1: 100.0% | Seller: 100.0% | Total: 100.0% | Item-R: 100.0%
[43/1166] einvoice_vnpt_train_572.png | Latency: 8.69s | Macro-F1: 95.8% | Seller: 100.0% | Total: 100.0% | Item-R: 100.0%
[44/1166] minimart_anan_train_039.png | Latency: 7.29s | Macro-F1: 100.0% | Seller: 100.0% | Total: 100.0% | Item-R: 100.0%
[45/1166] cafe_highlands_train_473.png | Latency: 8.13s | Macro-F1: 87.5% | Seller: 100.0% | Total: 100.0% | Item-R: 100.0%
[46/1166] supermarket_lotte_2026-07-06T07-44-55-797Z_kfujm7.jpeg | Latency: 11.63s | Macro-F1: 78.1% | Seller: 100.0% | Total: 100.0% | Item-R: 100.0%
[47/1166] restaurant_kfc_train_560.png | Latency: 7.09s | Macro-F1: 100.0% | Seller: 100.0% | Total: 100.0% | Item-R: 100.0%
[48/1166] einvoice_vnpt_train_502.png | Latency: 8.3s | Macro-F1: 100.0% | Seller: 100.0% | Total: 100.0% | Item-R: 100.0%
[49/1166] einvoice_viettel_train_067.png | Latency: 8.1s | Macro-F1: 100.0% | Seller: 100.0% | Total: 100.0% | Item-R: 100.0%
[50/1166] supermarket_bachhoaxanh_train_368.png | Latency: 7.73s | Macro-F1: 100.0% | Seller: 100.0% | Total: 100.0% | Item-R: 100.0%
[51/1166] restaurant_jollibee_train_229.png | Latency: 8.64s | Macro-F1: 100.0% | Seller: 100.0% | Total: 100.0% | Item-R: 100.0%
[52/1166] cafe_highlands_train_579.png | Latency: 10.6s | Macro-F1: 83.3% | Seller: 100.0% | Total: 100.0% | Item-R: 100.0%
[53/1166] cafe_starbucks_train_330.png | Latency: 7.46s | Macro-F1: 87.5% | Seller: 100.0% | Total: 100.0% | Item-R: 100.0%
[54/1166] restaurant_jollibee_train_353.png | Latency: 7.29s | Macro-F1: 100.0% | Seller: 100.0% | Total: 100.0% | Item-R: 100.0%
[55/1166] z7981206154445_b91ca3aa49340156928f7022cac3a41f.jpg | Latency: 11.86s | Macro-F1: 100.0% | Seller: 100.0% | Total: 100.0% | Item-R: 100.0%
[56/1166] supermarket_lotte_train_551.png | Latency: 6.55s | Macro-F1: 100.0% | Seller: 100.0% | Total: 100.0% | Item-R: 100.0%
[57/1166] restaurant_kfc_train_352.png | Latency: 11.1s | Macro-F1: 100.0% | Seller: 100.0% | Total: 100.0% | Item-R: 100.0%
[58/1166] supermarket_bachhoaxanh_val_418.png | Latency: 6.02s | Macro-F1: 100.0% | Seller: 100.0% | Total: 100.0% | Item-R: 100.0%
[59/1166] convenience_7eleven_train_206.png | Latency: 4.69s | Macro-F1: 75.0% | Seller: 100.0% | Total: 100.0% | Item-R: 100.0%
[60/1166] convenience_gs25_val_557.png | Latency: 10.04s | Macro-F1: 100.0% | Seller: 100.0% | Total: 100.0% | Item-R: 100.0%
[61/1166] cafe_phuclong_train_093.png | Latency: 5.29s | Macro-F1: 87.5% | Seller: 100.0% | Total: 100.0% | Item-R: 100.0%
[62/1166] supermarket_bachhoaxanh_val_293.png | Latency: 9.34s | Macro-F1: 100.0% | Seller: 100.0% | Total: 100.0% | Item-R: 100.0%
[63/1166] cafe_highlands_train_488.png | Latency: 6.52s | Macro-F1: 87.5% | Seller: 100.0% | Total: 100.0% | Item-R: 100.0%
[64/1166] restaurant_kfc_train_291.png | Latency: 6.99s | Macro-F1: 100.0% | Seller: 100.0% | Total: 100.0% | Item-R: 100.0%
[65/1166] restaurant_kfc_train_546.png | Latency: 9.76s | Macro-F1: 100.0% | Seller: 100.0% | Total: 100.0% | Item-R: 100.0%
[66/1166] cafe_starbucks_train_161.png | Latency: 6.13s | Macro-F1: 87.5% | Seller: 100.0% | Total: 100.0% | Item-R: 100.0%
[67/1166] restaurant_kfc_val_155.png | Latency: 6.9s | Macro-F1: 100.0% | Seller: 100.0% | Total: 100.0% | Item-R: 100.0%
[68/1166] supermarket_lotte_train_232.png | Latency: 6.3s | Macro-F1: 100.0% | Seller: 100.0% | Total: 100.0% | Item-R: 100.0%
[69/1166] convenience_7eleven_val_289.png | Latency: 5.95s | Macro-F1: 75.0% | Seller: 100.0% | Total: 100.0% | Item-R: 100.0%
[70/1166] convenience_gs25_val_551.png | Latency: 8.78s | Macro-F1: 87.5% | Seller: 100.0% | Total: 0.0% | Item-R: 100.0%
[71/1166] restaurant_kfc_val_150.png | Latency: 8.56s | Macro-F1: 100.0% | Seller: 100.0% | Total: 100.0% | Item-R: 100.0%
[72/1166] cafe_starbucks_train_276.png | Latency: 8.38s | Macro-F1: 87.5% | Seller: 100.0% | Total: 100.0% | Item-R: 100.0%
[73/1166] cafe_highlands_2026-07-06T07-00-03-711Z_01kk86.jpeg | Latency: 10.79s | Macro-F1: 75.0% | Seller: 100.0% | Total: 100.0% | Item-R: 100.0%
[74/1166] restaurant_jollibee_2026-07-06T07-10-28-529Z_8oi98.jpeg | Latency: 7.47s | Macro-F1: 87.5% | Seller: 100.0% | Total: 100.0% | Item-R: 100.0%
[75/1166] supermarket_winmart_val_411.png | Latency: 5.67s | Macro-F1: 100.0% | Seller: 100.0% | Total: 100.0% | Item-R: 100.0%
[76/1166] minimart_anan_train_362.png | Latency: 10.27s | Macro-F1: 82.5% | Seller: 100.0% | Total: 100.0% | Item-R: 100.0%
[77/1166] einvoice_vnpt_val_277.png | Latency: 10.1s | Macro-F1: 100.0% | Seller: 100.0% | Total: 100.0% | Item-R: 100.0%
[78/1166] cafe_phuclong_val_150.png | Latency: 5.46s | Macro-F1: 87.5% | Seller: 100.0% | Total: 100.0% | Item-R: 100.0%
[79/1166] convenience_gs25_train_406.png | Latency: 11.64s | Macro-F1: 100.0% | Seller: 100.0% | Total: 100.0% | Item-R: 100.0%
[80/1166] supermarket_lotte_val_019.png | Latency: 8.44s | Macro-F1: 100.0% | Seller: 100.0% | Total: 100.0% | Item-R: 100.0%
[81/1166] restaurant_jollibee_val_280.png | Latency: 10.26s | Macro-F1: 100.0% | Seller: 100.0% | Total: 100.0% | Item-R: 100.0%
[82/1166] supermarket_lotte_train_200.png | Latency: 9.45s | Macro-F1: 100.0% | Seller: 100.0% | Total: 100.0% | Item-R: 100.0%
[83/1166] minimart_anan_train_295.png | Latency: 7.1s | Macro-F1: 100.0% | Seller: 100.0% | Total: 100.0% | Item-R: 100.0%
[84/1166] cafe_phuclong_2026-07-06T07-37-02-579Z_kl220u.jpeg | Latency: 6.03s | Macro-F1: 87.5% | Seller: 100.0% | Total: 100.0% | Item-R: 100.0%
[85/1166] cafe_starbucks_train_423.png | Latency: 6.1s | Macro-F1: 79.2% | Seller: 100.0% | Total: 100.0% | Item-R: 100.0%
[86/1166] convenience_circlek_train_409.png | Latency: 7.08s | Macro-F1: 100.0% | Seller: 100.0% | Total: 100.0% | Item-R: 100.0%
[87/1166] cafe_starbucks_2026-06-27T10-52-02-941Z_gpqs2.jpg | Latency: 5.89s | Macro-F1: 87.5% | Seller: 100.0% | Total: 100.0% | Item-R: 100.0%
[88/1166] cafe_highlands_val_281.png | Latency: 5.41s | Macro-F1: 87.5% | Seller: 100.0% | Total: 100.0% | Item-R: 100.0%
[89/1166] restaurant_kfc_train_609.png | Latency: 7.16s | Macro-F1: 100.0% | Seller: 100.0% | Total: 100.0% | Item-R: 100.0%
[90/1166] restaurant_kfc_train_202.png | Latency: 5.7s | Macro-F1: 100.0% | Seller: 100.0% | Total: 100.0% | Item-R: 100.0%
[91/1166] cafe_starbucks_train_292.png | Latency: 7.31s | Macro-F1: 87.5% | Seller: 100.0% | Total: 100.0% | Item-R: 100.0%
[92/1166] cafe_highlands_train_420.png | Latency: 7.25s | Macro-F1: 37.5% | Seller: 100.0% | Total: 100.0% | Item-R: 0.0%
[93/1166] cafe_starbucks_train_598.png | Latency: 8.29s | Macro-F1: 87.5% | Seller: 100.0% | Total: 100.0% | Item-R: 100.0%
[94/1166] receipt_c45_bb_train_160.png | Latency: 3.36s | Macro-F1: 100.0% | Seller: 100.0% | Total: 100.0% | Item-R: 100.0%
[95/1166] minimart_anan_train_348.png | Latency: 7.11s | Macro-F1: 100.0% | Seller: 100.0% | Total: 100.0% | Item-R: 100.0%
[96/1166] receipt_c45_bb_train_492.png | Latency: 3.19s | Macro-F1: 100.0% | Seller: 100.0% | Total: 100.0% | Item-R: 100.0%
[97/1166] minimart_anan_val_010.png | Latency: 10.03s | Macro-F1: 100.0% | Seller: 100.0% | Total: 100.0% | Item-R: 100.0%
[98/1166] convenience_7eleven_train_593.png | Latency: 5.89s | Macro-F1: 75.0% | Seller: 100.0% | Total: 100.0% | Item-R: 100.0%
[99/1166] einvoice_viettel_train_544.png | Latency: 9.98s | Macro-F1: 100.0% | Seller: 100.0% | Total: 100.0% | Item-R: 100.0%
[100/1166] cafe_phuclong_val_427.png | Latency: 10.29s | Macro-F1: 87.5% | Seller: 100.0% | Total: 100.0% | Item-R: 100.0%
[101/1166] convenience_gs25_train_230.png | Latency: 8.77s | Macro-F1: 100.0% | Seller: 100.0% | Total: 100.0% | Item-R: 100.0%
[102/1166] supermarket_winmart_train_546.png | Latency: 11.89s | Macro-F1: 100.0% | Seller: 100.0% | Total: 100.0% | Item-R: 100.0%
[103/1166] restaurant_kfc_train_312.png | Latency: 11.15s | Macro-F1: 100.0% | Seller: 100.0% | Total: 100.0% | Item-R: 100.0%
[104/1166] z7981210314457_b94767841a464f9d8e0c29c78d78eeb0.jpg | Latency: 11.86s | Macro-F1: 100.0% | Seller: 100.0% | Total: 100.0% | Item-R: 100.0%
[105/1166] receipt_c45_bb_val_013.png | Latency: 3.3s | Macro-F1: 100.0% | Seller: 100.0% | Total: 100.0% | Item-R: 100.0%
[106/1166] convenience_circlek_train_556.png | Latency: 5.73s | Macro-F1: 100.0% | Seller: 100.0% | Total: 100.0% | Item-R: 100.0%
[107/1166] convenience_gs25_train_215.png | Latency: 11.35s | Macro-F1: 100.0% | Seller: 100.0% | Total: 100.0% | Item-R: 100.0%
[108/1166] convenience_gs25_train_088.png | Latency: 10.21s | Macro-F1: 100.0% | Seller: 100.0% | Total: 100.0% | Item-R: 100.0%
[109/1166] supermarket_lotte_val_007.png | Latency: 9.84s | Macro-F1: 100.0% | Seller: 100.0% | Total: 100.0% | Item-R: 100.0%
[110/1166] cafe_phuclong_train_234.png | Latency: 5.73s | Macro-F1: 87.5% | Seller: 100.0% | Total: 100.0% | Item-R: 100.0%
[111/1166] supermarket_winmart_train_273.png | Latency: 9.19s | Macro-F1: 100.0% | Seller: 100.0% | Total: 100.0% | Item-R: 100.0%
[112/1166] convenience_circlek_train_073.png | Latency: 9.07s | Macro-F1: 100.0% | Seller: 100.0% | Total: 100.0% | Item-R: 100.0%
[113/1166] supermarket_winmart_train_350.png | Latency: 7.82s | Macro-F1: 100.0% | Seller: 100.0% | Total: 100.0% | Item-R: 100.0%
[114/1166] convenience_circlek_train_015.png | Latency: 10.14s | Macro-F1: 100.0% | Seller: 100.0% | Total: 100.0% | Item-R: 100.0%
[115/1166] cafe_highlands_train_359.png | Latency: 6.73s | Macro-F1: 87.5% | Seller: 100.0% | Total: 100.0% | Item-R: 100.0%
[116/1166] convenience_circlek_train_569.png | Latency: 8.87s | Macro-F1: 100.0% | Seller: 100.0% | Total: 100.0% | Item-R: 100.0%
[117/1166] convenience_7eleven_val_274.png | Latency: 7.23s | Macro-F1: 75.0% | Seller: 100.0% | Total: 100.0% | Item-R: 100.0%
[118/1166] convenience_7eleven_train_300.png | Latency: 8.5s | Macro-F1: 75.0% | Seller: 100.0% | Total: 100.0% | Item-R: 100.0%
[119/1166] cafe_highlands_train_135.png | Latency: 9.14s | Macro-F1: 87.5% | Seller: 100.0% | Total: 100.0% | Item-R: 100.0%
[120/1166] restaurant_jollibee_2026-07-06T07-10-25-397Z_eshoub.jpeg | Latency: 10.76s | Macro-F1: 87.5% | Seller: 100.0% | Total: 100.0% | Item-R: 100.0%
[121/1166] restaurant_jollibee_train_096.png | Latency: 10.47s | Macro-F1: 100.0% | Seller: 100.0% | Total: 100.0% | Item-R: 100.0%
[122/1166] receipt_c45_bb_val_554.png | Latency: 3.23s | Macro-F1: 100.0% | Seller: 100.0% | Total: 100.0% | Item-R: 100.0%
[123/1166] supermarket_winmart_2026-07-10T19-21-56-576Z_ljh6ho.jpg | Latency: 9.96s | Macro-F1: 48.6% | Seller: 0.0% | Total: 100.0% | Item-R: 100.0%
[124/1166] cafe_phuclong_val_545.png | Latency: 5.3s | Macro-F1: 87.5% | Seller: 100.0% | Total: 100.0% | Item-R: 100.0%
[125/1166] receipt_c45_bb_train_549.png | Latency: 3.21s | Macro-F1: 100.0% | Seller: 100.0% | Total: 100.0% | Item-R: 100.0%
[126/1166] cafe_highlands_train_008.png | Latency: 7.77s | Macro-F1: 87.5% | Seller: 100.0% | Total: 100.0% | Item-R: 100.0%
[127/1166] supermarket_lotte_val_550.png | Latency: 11.33s | Macro-F1: 85.0% | Seller: 100.0% | Total: 100.0% | Item-R: 100.0%
[128/1166] receipt_c45_bb_train_211.png | Latency: 3.21s | Macro-F1: 100.0% | Seller: 100.0% | Total: 100.0% | Item-R: 100.0%
[129/1166] restaurant_jollibee_train_071.png | Latency: 5.97s | Macro-F1: 100.0% | Seller: 100.0% | Total: 100.0% | Item-R: 100.0%
[130/1166] convenience_circlek_train_191.png | Latency: 5.75s | Macro-F1: 50.0% | Seller: 100.0% | Total: 100.0% | Item-R: 0.0%
[131/1166] restaurant_jollibee_val_135.png | Latency: 6.0s | Macro-F1: 100.0% | Seller: 100.0% | Total: 100.0% | Item-R: 100.0%
[132/1166] cafe_highlands_val_406.png | Latency: 5.3s | Macro-F1: 75.0% | Seller: 100.0% | Total: 0.0% | Item-R: 100.0%
[133/1166] supermarket_winmart_train_230.png | Latency: 5.87s | Macro-F1: 100.0% | Seller: 100.0% | Total: 100.0% | Item-R: 100.0%
[134/1166] minimart_anan_val_274.png | Latency: 10.08s | Macro-F1: 100.0% | Seller: 100.0% | Total: 100.0% | Item-R: 100.0%
[135/1166] supermarket_winmart_train_574.png | Latency: 7.36s | Macro-F1: 100.0% | Seller: 100.0% | Total: 100.0% | Item-R: 100.0%
[136/1166] cafe_starbucks_val_014.png | Latency: 5.18s | Macro-F1: 81.2% | Seller: 100.0% | Total: 100.0% | Item-R: 100.0%
[137/1166] restaurant_kfc_train_572.png | Latency: 6.93s | Macro-F1: 100.0% | Seller: 100.0% | Total: 100.0% | Item-R: 100.0%
[138/1166] einvoice_viettel_val_426.png | Latency: 11.19s | Macro-F1: 90.0% | Seller: 100.0% | Total: 100.0% | Item-R: 100.0%
[139/1166] cafe_starbucks_train_407.png | Latency: 9.6s | Macro-F1: 87.5% | Seller: 100.0% | Total: 100.0% | Item-R: 100.0%
[140/1166] cafe_highlands_train_308.png | Latency: 5.57s | Macro-F1: 87.5% | Seller: 100.0% | Total: 100.0% | Item-R: 100.0%
[141/1166] restaurant_kfc_train_167.png | Latency: 8.42s | Macro-F1: 100.0% | Seller: 100.0% | Total: 100.0% | Item-R: 100.0%
[142/1166] convenience_7eleven_train_174.png | Latency: 9.59s | Macro-F1: 75.0% | Seller: 100.0% | Total: 100.0% | Item-R: 100.0%
[143/1166] restaurant_jollibee_train_489.png | Latency: 5.83s | Macro-F1: 100.0% | Seller: 100.0% | Total: 100.0% | Item-R: 100.0%
[144/1166] supermarket_lotte_train_097.png | Latency: 13.33s | Macro-F1: 100.0% | Seller: 100.0% | Total: 100.0% | Item-R: 100.0%
[145/1166] einvoice_vnpt_train_463.png | Latency: 9.8s | Macro-F1: 100.0% | Seller: 100.0% | Total: 100.0% | Item-R: 100.0%
[146/1166] supermarket_winmart_val_159.png | Latency: 7.16s | Macro-F1: 100.0% | Seller: 100.0% | Total: 100.0% | Item-R: 100.0%
[147/1166] convenience_7eleven_2026-07-04T13-34-54-398Z_k2rsx8.jpg | Latency: 10.63s | Macro-F1: 75.0% | Seller: 100.0% | Total: 100.0% | Item-R: 100.0%
[148/1166] convenience_circlek_val_563.png | Latency: 11.54s | Macro-F1: 100.0% | Seller: 100.0% | Total: 100.0% | Item-R: 100.0%
[149/1166] einvoice_viettel_val_553.png | Latency: 11.37s | Macro-F1: 100.0% | Seller: 100.0% | Total: 100.0% | Item-R: 100.0%
[150/1166] supermarket_winmart_train_269.png | Latency: 7.45s | Macro-F1: 100.0% | Seller: 100.0% | Total: 100.0% | Item-R: 100.0%
[151/1166] cafe_starbucks_train_017.png | Latency: 7.29s | Macro-F1: 87.5% | Seller: 100.0% | Total: 100.0% | Item-R: 100.0%
[152/1166] cafe_phuclong_train_563.png | Latency: 10.38s | Macro-F1: 87.5% | Seller: 100.0% | Total: 100.0% | Item-R: 100.0%
[153/1166] convenience_gs25_train_468.png | Latency: 7.39s | Macro-F1: 91.7% | Seller: 100.0% | Total: 100.0% | Item-R: 100.0%
[154/1166] convenience_7eleven_train_561.png | Latency: 7.39s | Macro-F1: 75.0% | Seller: 100.0% | Total: 100.0% | Item-R: 100.0%
[155/1166] supermarket_winmart_train_276.png | Latency: 7.17s | Macro-F1: 100.0% | Seller: 100.0% | Total: 100.0% | Item-R: 100.0%
[156/1166] restaurant_jollibee_train_614.png | Latency: 8.76s | Macro-F1: 93.8% | Seller: 100.0% | Total: 100.0% | Item-R: 100.0%
[157/1166] supermarket_lotte_train_468.png | Latency: 8.23s | Macro-F1: 100.0% | Seller: 100.0% | Total: 100.0% | Item-R: 100.0%
[158/1166] cafe_phuclong_train_289.png | Latency: 10.31s | Macro-F1: 87.5% | Seller: 100.0% | Total: 100.0% | Item-R: 100.0%
[159/1166] convenience_circlek_train_558.png | Latency: 8.93s | Macro-F1: 100.0% | Seller: 100.0% | Total: 100.0% | Item-R: 100.0%
[160/1166] supermarket_lotte_train_419.png | Latency: 8.02s | Macro-F1: 91.7% | Seller: 100.0% | Total: 100.0% | Item-R: 100.0%
[161/1166] restaurant_jollibee_val_559.png | Latency: 7.35s | Macro-F1: 100.0% | Seller: 100.0% | Total: 100.0% | Item-R: 100.0%
[162/1166] restaurant_jollibee_train_407.png | Latency: 5.83s | Macro-F1: 100.0% | Seller: 100.0% | Total: 100.0% | Item-R: 100.0%
[163/1166] cafe_phuclong_train_342.png | Latency: 7.7s | Macro-F1: 87.5% | Seller: 100.0% | Total: 100.0% | Item-R: 100.0%
[164/1166] supermarket_bachhoaxanh_train_584.png | Latency: 5.97s | Macro-F1: 100.0% | Seller: 100.0% | Total: 100.0% | Item-R: 100.0%
[165/1166] minimart_anan_train_460.png | Latency: 9.79s | Macro-F1: 100.0% | Seller: 100.0% | Total: 100.0% | Item-R: 100.0%
[166/1166] convenience_circlek_train_149.png | Latency: 7.17s | Macro-F1: 91.7% | Seller: 100.0% | Total: 100.0% | Item-R: 100.0%
[167/1166] convenience_circlek_train_604.png | Latency: 5.65s | Macro-F1: 100.0% | Seller: 100.0% | Total: 100.0% | Item-R: 100.0%
[168/1166] convenience_gs25_train_471.png | Latency: 10.19s | Macro-F1: 100.0% | Seller: 100.0% | Total: 100.0% | Item-R: 100.0%
[169/1166] einvoice_vnpt_train_075.png | Latency: 6.9s | Macro-F1: 100.0% | Seller: 100.0% | Total: 100.0% | Item-R: 100.0%
[170/1166] supermarket_bachhoaxanh_train_093.png | Latency: 7.73s | Macro-F1: 100.0% | Seller: 100.0% | Total: 100.0% | Item-R: 100.0%
[171/1166] minimart_anan_train_462.png | Latency: 11.31s | Macro-F1: 100.0% | Seller: 100.0% | Total: 100.0% | Item-R: 100.0%
[172/1166] minimart_anan_train_418.png | Latency: 7.51s | Macro-F1: 100.0% | Seller: 100.0% | Total: 100.0% | Item-R: 100.0%
[173/1166] convenience_gs25_train_606.png | Latency: 7.19s | Macro-F1: 100.0% | Seller: 100.0% | Total: 100.0% | Item-R: 100.0%
[174/1166] supermarket_lotte_train_584.png | Latency: 6.76s | Macro-F1: 100.0% | Seller: 100.0% | Total: 100.0% | Item-R: 100.0%
[175/1166] restaurant_jollibee_train_325.png | Latency: 5.96s | Macro-F1: 100.0% | Seller: 100.0% | Total: 100.0% | Item-R: 100.0%
[176/1166] restaurant_jollibee_train_355.png | Latency: 7.44s | Macro-F1: 100.0% | Seller: 100.0% | Total: 100.0% | Item-R: 100.0%
[177/1166] convenience_circlek_train_617.png | Latency: 5.58s | Macro-F1: 100.0% | Seller: 100.0% | Total: 100.0% | Item-R: 100.0%
[178/1166] restaurant_jollibee_train_609.png | Latency: 10.23s | Macro-F1: 100.0% | Seller: 100.0% | Total: 100.0% | Item-R: 100.0%
[179/1166] convenience_circlek_val_005.png | Latency: 6.0s | Macro-F1: 100.0% | Seller: 100.0% | Total: 100.0% | Item-R: 100.0%
[180/1166] restaurant_kfc_train_034.png | Latency: 10.93s | Macro-F1: 100.0% | Seller: 100.0% | Total: 100.0% | Item-R: 100.0%
[181/1166] receipt_c45_bb_train_357.png | Latency: 3.18s | Macro-F1: 100.0% | Seller: 100.0% | Total: 100.0% | Item-R: 100.0%
[182/1166] restaurant_jollibee_val_420.png | Latency: 10.0s | Macro-F1: 100.0% | Seller: 100.0% | Total: 100.0% | Item-R: 100.0%
[183/1166] einvoice_vnpt_train_055.png | Latency: 6.64s | Macro-F1: 100.0% | Seller: 100.0% | Total: 100.0% | Item-R: 100.0%
[184/1166] cafe_highlands_train_361.png | Latency: 8.86s | Macro-F1: 87.5% | Seller: 100.0% | Total: 100.0% | Item-R: 100.0%
[185/1166] cafe_highlands_train_224.png | Latency: 6.64s | Macro-F1: 87.5% | Seller: 100.0% | Total: 100.0% | Item-R: 100.0%
[186/1166] convenience_7eleven_train_135.png | Latency: 7.19s | Macro-F1: 75.0% | Seller: 100.0% | Total: 100.0% | Item-R: 100.0%
[187/1166] cafe_starbucks_train_507.png | Latency: 6.23s | Macro-F1: 87.5% | Seller: 100.0% | Total: 100.0% | Item-R: 100.0%
[188/1166] cafe_starbucks_2026-06-27T10-57-01-864Z_d62if.jpg | Latency: 8.32s | Macro-F1: 75.0% | Seller: 100.0% | Total: 100.0% | Item-R: 100.0%
[189/1166] receipt_c45_bb_train_272.png | Latency: 3.37s | Macro-F1: 100.0% | Seller: 100.0% | Total: 100.0% | Item-R: 100.0%
[190/1166] restaurant_jollibee_2026-07-06T07-10-14-514Z_k3ege1.jpeg | Latency: 9.11s | Macro-F1: 87.5% | Seller: 100.0% | Total: 100.0% | Item-R: 100.0%
[191/1166] receipt_c45_bb_train_411.png | Latency: 3.17s | Macro-F1: 100.0% | Seller: 100.0% | Total: 100.0% | Item-R: 100.0%
[192/1166] cafe_highlands_train_346.png | Latency: 9.5s | Macro-F1: 87.5% | Seller: 100.0% | Total: 100.0% | Item-R: 100.0%
[193/1166] einvoice_viettel_val_282.png | Latency: 6.8s | Macro-F1: 100.0% | Seller: 100.0% | Total: 100.0% | Item-R: 100.0%
[194/1166] einvoice_viettel_train_366.png | Latency: 11.64s | Macro-F1: 100.0% | Seller: 100.0% | Total: 100.0% | Item-R: 100.0%
[195/1166] restaurant_kfc_val_540.png | Latency: 11.01s | Macro-F1: 100.0% | Seller: 100.0% | Total: 100.0% | Item-R: 100.0%
[196/1166] convenience_gs25_train_545.png | Latency: 11.51s | Macro-F1: 100.0% | Seller: 100.0% | Total: 100.0% | Item-R: 100.0%
[197/1166] receipt_c45_bb_train_300.png | Latency: 3.21s | Macro-F1: 100.0% | Seller: 100.0% | Total: 100.0% | Item-R: 100.0%
[198/1166] minimart_anan_train_449.png | Latency: 8.55s | Macro-F1: 100.0% | Seller: 100.0% | Total: 100.0% | Item-R: 100.0%
[199/1166] supermarket_bachhoaxanh_train_104.png | Latency: 10.29s | Macro-F1: 100.0% | Seller: 100.0% | Total: 100.0% | Item-R: 100.0%
[200/1166] einvoice_viettel_train_139.png | Latency: 9.68s | Macro-F1: 100.0% | Seller: 100.0% | Total: 100.0% | Item-R: 100.0%
[201/1166] cafe_starbucks_val_016.png | Latency: 7.49s | Macro-F1: 87.5% | Seller: 100.0% | Total: 100.0% | Item-R: 100.0%
[202/1166] supermarket_winmart_train_312.png | Latency: 7.32s | Macro-F1: 100.0% | Seller: 100.0% | Total: 100.0% | Item-R: 100.0%
[203/1166] convenience_7eleven_train_537.png | Latency: 8.31s | Macro-F1: 67.5% | Seller: 100.0% | Total: 100.0% | Item-R: 100.0%
[204/1166] supermarket_bachhoaxanh_train_197.png | Latency: 11.86s | Macro-F1: 100.0% | Seller: 100.0% | Total: 100.0% | Item-R: 100.0%
[205/1166] einvoice_viettel_train_280.png | Latency: 6.58s | Macro-F1: 100.0% | Seller: 100.0% | Total: 100.0% | Item-R: 100.0%
[206/1166] cafe_phuclong_train_415.png | Latency: 5.4s | Macro-F1: 87.5% | Seller: 100.0% | Total: 100.0% | Item-R: 100.0%
[207/1166] cafe_highlands_train_575.png | Latency: 10.3s | Macro-F1: 87.5% | Seller: 100.0% | Total: 100.0% | Item-R: 100.0%
[208/1166] convenience_gs25_2026-07-10T18-51-44-181Z_2pa82l.jpg | Latency: 11.66s | Macro-F1: 75.0% | Seller: 100.0% | Total: 100.0% | Item-R: 100.0%
[209/1166] receipt_c45_bb_train_361.png | Latency: 3.16s | Macro-F1: 100.0% | Seller: 100.0% | Total: 100.0% | Item-R: 100.0%
[210/1166] cafe_highlands_train_163.png | Latency: 7.76s | Macro-F1: 87.5% | Seller: 100.0% | Total: 100.0% | Item-R: 100.0%
[211/1166] einvoice_vnpt_train_200.png | Latency: 8.4s | Macro-F1: 100.0% | Seller: 100.0% | Total: 100.0% | Item-R: 100.0%
[212/1166] cafe_phuclong_2026-07-06T07-36-36-056Z_d3khug.jpeg | Latency: 10.37s | Macro-F1: 87.5% | Seller: 100.0% | Total: 100.0% | Item-R: 100.0%
[213/1166] receipt_c45_bb_train_190.png | Latency: 3.14s | Macro-F1: 100.0% | Seller: 100.0% | Total: 100.0% | Item-R: 100.0%
[214/1166] minimart_anan_train_631.png | Latency: 5.86s | Macro-F1: 100.0% | Seller: 100.0% | Total: 100.0% | Item-R: 100.0%
[215/1166] cafe_highlands_2026-07-06T06-59-56-822Z_6gds1tr.jpeg | Latency: 9.52s | Macro-F1: 87.5% | Seller: 100.0% | Total: 100.0% | Item-R: 100.0%
[216/1166] restaurant_kfc_train_629.png | Latency: 7.01s | Macro-F1: 87.5% | Seller: 100.0% | Total: 100.0% | Item-R: 100.0%
[217/1166] restaurant_jollibee_train_577.png | Latency: 10.33s | Macro-F1: 100.0% | Seller: 100.0% | Total: 100.0% | Item-R: 100.0%
[218/1166] supermarket_bachhoaxanh_train_138.png | Latency: 11.88s | Macro-F1: 100.0% | Seller: 100.0% | Total: 100.0% | Item-R: 100.0%
[219/1166] restaurant_kfc_train_281.png | Latency: 5.67s | Macro-F1: 100.0% | Seller: 100.0% | Total: 100.0% | Item-R: 100.0%
[220/1166] receipt_c45_bb_train_409.png | Latency: 3.18s | Macro-F1: 100.0% | Seller: 100.0% | Total: 100.0% | Item-R: 100.0%
[221/1166] cafe_phuclong_2026-07-06T07-26-59-423Z_mg3r4j.jpeg | Latency: 8.02s | Macro-F1: 87.5% | Seller: 100.0% | Total: 100.0% | Item-R: 100.0%
[222/1166] cafe_starbucks_train_547.png | Latency: 8.25s | Macro-F1: 87.5% | Seller: 100.0% | Total: 100.0% | Item-R: 100.0%
[223/1166] convenience_7eleven_train_065.png | Latency: 7.05s | Macro-F1: 75.0% | Seller: 100.0% | Total: 100.0% | Item-R: 100.0%
[224/1166] einvoice_vnpt_val_136.png | Latency: 9.73s | Macro-F1: 100.0% | Seller: 100.0% | Total: 100.0% | Item-R: 100.0%
[225/1166] supermarket_lotte_train_552.png | Latency: 9.9s | Macro-F1: 100.0% | Seller: 100.0% | Total: 100.0% | Item-R: 100.0%
[226/1166] supermarket_lotte_val_429.png | Latency: 12.65s | Macro-F1: 100.0% | Seller: 100.0% | Total: 100.0% | Item-R: 100.0%
[227/1166] convenience_gs25_train_621.png | Latency: 8.62s | Macro-F1: 100.0% | Seller: 100.0% | Total: 100.0% | Item-R: 100.0%
[228/1166] supermarket_lotte_2026-07-06T07-50-45-802Z_2wx3ue.jpeg | Latency: 13.15s | Macro-F1: 93.8% | Seller: 100.0% | Total: 100.0% | Item-R: 100.0%
[229/1166] einvoice_viettel_train_269.png | Latency: 9.8s | Macro-F1: 87.5% | Seller: 100.0% | Total: 100.0% | Item-R: 75.0%
[230/1166] cafe_highlands_val_559.png | Latency: 8.88s | Macro-F1: 87.5% | Seller: 100.0% | Total: 100.0% | Item-R: 100.0%
[231/1166] minimart_anan_train_225.png | Latency: 7.13s | Macro-F1: 100.0% | Seller: 100.0% | Total: 100.0% | Item-R: 100.0%
[232/1166] minimart_anan_val_144.png | Latency: 7.1s | Macro-F1: 100.0% | Seller: 100.0% | Total: 100.0% | Item-R: 100.0%
[233/1166] restaurant_jollibee_train_321.png | Latency: 5.69s | Macro-F1: 100.0% | Seller: 100.0% | Total: 100.0% | Item-R: 100.0%
[234/1166] convenience_circlek_train_419.png | Latency: 10.1s | Macro-F1: 100.0% | Seller: 100.0% | Total: 100.0% | Item-R: 100.0%
[235/1166] restaurant_kfc_train_508.png | Latency: 5.58s | Macro-F1: 100.0% | Seller: 100.0% | Total: 100.0% | Item-R: 100.0%
[236/1166] supermarket_lotte_train_476.png | Latency: 13.03s | Macro-F1: 100.0% | Seller: 100.0% | Total: 100.0% | Item-R: 100.0%
[237/1166] cafe_phuclong_train_339.png | Latency: 6.41s | Macro-F1: 87.5% | Seller: 100.0% | Total: 100.0% | Item-R: 100.0%
[238/1166] supermarket_winmart_train_081.png | Latency: 5.97s | Macro-F1: 100.0% | Seller: 100.0% | Total: 100.0% | Item-R: 100.0%
[239/1166] einvoice_viettel_train_309.png | Latency: 9.68s | Macro-F1: 100.0% | Seller: 100.0% | Total: 100.0% | Item-R: 100.0%
[240/1166] z7979023333460_87466c13122cd7db15907081acd98f81.jpg | Latency: 11.63s | Macro-F1: 100.0% | Seller: 100.0% | Total: 100.0% | Item-R: 100.0%
[241/1166] convenience_gs25_train_270.png | Latency: 7.21s | Macro-F1: 100.0% | Seller: 100.0% | Total: 100.0% | Item-R: 100.0%
[242/1166] convenience_7eleven_train_289.png | Latency: 9.41s | Macro-F1: 68.8% | Seller: 100.0% | Total: 100.0% | Item-R: 83.3%
[243/1166] restaurant_kfc_train_143.png | Latency: 11.06s | Macro-F1: 100.0% | Seller: 100.0% | Total: 100.0% | Item-R: 100.0%
[244/1166] einvoice_vnpt_train_035.png | Latency: 10.16s | Macro-F1: 100.0% | Seller: 100.0% | Total: 100.0% | Item-R: 100.0%
[245/1166] receipt_c45_bb_train_031.png | Latency: 3.33s | Macro-F1: 100.0% | Seller: 100.0% | Total: 100.0% | Item-R: 100.0%
[246/1166] cafe_phuclong_train_368.png | Latency: 6.44s | Macro-F1: 87.5% | Seller: 100.0% | Total: 100.0% | Item-R: 100.0%
[247/1166] convenience_gs25_train_420.png | Latency: 9.96s | Macro-F1: 100.0% | Seller: 100.0% | Total: 100.0% | Item-R: 100.0%
[248/1166] restaurant_kfc_train_635.png | Latency: 5.58s | Macro-F1: 100.0% | Seller: 100.0% | Total: 100.0% | Item-R: 100.0%
[249/1166] restaurant_kfc_train_407.png | Latency: 6.79s | Macro-F1: 87.5% | Seller: 100.0% | Total: 100.0% | Item-R: 100.0%
[250/1166] cafe_phuclong_train_562.png | Latency: 5.36s | Macro-F1: 87.5% | Seller: 100.0% | Total: 100.0% | Item-R: 100.0%
[251/1166] einvoice_viettel_train_615.png | Latency: 6.68s | Macro-F1: 100.0% | Seller: 100.0% | Total: 100.0% | Item-R: 100.0%
[252/1166] supermarket_bachhoaxanh_train_020.png | Latency: 7.56s | Macro-F1: 100.0% | Seller: 100.0% | Total: 100.0% | Item-R: 100.0%
[253/1166] convenience_7eleven_val_555.png | Latency: 7.14s | Macro-F1: 75.0% | Seller: 100.0% | Total: 100.0% | Item-R: 100.0%
[254/1166] cafe_starbucks_train_551.png | Latency: 8.28s | Macro-F1: 87.5% | Seller: 100.0% | Total: 100.0% | Item-R: 100.0%
[255/1166] einvoice_viettel_train_548.png | Latency: 6.93s | Macro-F1: 100.0% | Seller: 100.0% | Total: 100.0% | Item-R: 100.0%
[256/1166] minimart_anan_train_014.png | Latency: 11.1s | Macro-F1: 100.0% | Seller: 100.0% | Total: 100.0% | Item-R: 100.0%
[257/1166] convenience_gs25_train_315.png | Latency: 8.64s | Macro-F1: 100.0% | Seller: 100.0% | Total: 100.0% | Item-R: 100.0%
[258/1166] convenience_7eleven_2026-07-04T13-34-09-141Z_mfy9bm.jpg | Latency: 8.03s | Macro-F1: 79.2% | Seller: 100.0% | Total: 100.0% | Item-R: 100.0%
[259/1166] supermarket_lotte_train_602.png | Latency: 6.52s | Macro-F1: 100.0% | Seller: 100.0% | Total: 100.0% | Item-R: 100.0%
[260/1166] cafe_starbucks_val_414.png | Latency: 7.41s | Macro-F1: 84.4% | Seller: 100.0% | Total: 100.0% | Item-R: 100.0%
[261/1166] restaurant_kfc_train_597.png | Latency: 9.63s | Macro-F1: 100.0% | Seller: 100.0% | Total: 100.0% | Item-R: 100.0%
[262/1166] supermarket_bachhoaxanh_2026-06-28T08-18-08-567Z_86hqq.jpeg | Latency: 9.52s | Macro-F1: 100.0% | Seller: 100.0% | Total: 100.0% | Item-R: 100.0%
[263/1166] convenience_7eleven_train_023.png | Latency: 7.1s | Macro-F1: 75.0% | Seller: 100.0% | Total: 100.0% | Item-R: 100.0%
[264/1166] einvoice_vnpt_train_334.png | Latency: 11.6s | Macro-F1: 100.0% | Seller: 100.0% | Total: 100.0% | Item-R: 100.0%
[265/1166] restaurant_jollibee_train_537.png | Latency: 10.06s | Macro-F1: 80.0% | Seller: 100.0% | Total: 100.0% | Item-R: 60.0%
[266/1166] supermarket_bachhoaxanh_2026-06-28T08-18-11-008Z_i35lzd.jpeg | Latency: 6.45s | Macro-F1: 100.0% | Seller: 100.0% | Total: 100.0% | Item-R: 100.0%
[267/1166] restaurant_kfc_train_272.png | Latency: 9.72s | Macro-F1: 100.0% | Seller: 100.0% | Total: 100.0% | Item-R: 100.0%
[268/1166] convenience_circlek_val_022.png | Latency: 11.44s | Macro-F1: 100.0% | Seller: 100.0% | Total: 100.0% | Item-R: 100.0%
[269/1166] restaurant_kfc_train_621.png | Latency: 11.29s | Macro-F1: 100.0% | Seller: 100.0% | Total: 100.0% | Item-R: 100.0%
[270/1166] convenience_gs25_train_636.png | Latency: 5.98s | Macro-F1: 100.0% | Seller: 100.0% | Total: 100.0% | Item-R: 100.0%
[271/1166] cafe_starbucks_train_371.png | Latency: 8.3s | Macro-F1: 87.5% | Seller: 100.0% | Total: 100.0% | Item-R: 100.0%
[272/1166] einvoice_viettel_train_146.png | Latency: 11.49s | Macro-F1: 100.0% | Seller: 100.0% | Total: 100.0% | Item-R: 100.0%
[273/1166] supermarket_bachhoaxanh_train_282.png | Latency: 7.6s | Macro-F1: 100.0% | Seller: 100.0% | Total: 100.0% | Item-R: 100.0%
[274/1166] supermarket_bachhoaxanh_train_641.png | Latency: 6.15s | Macro-F1: 100.0% | Seller: 100.0% | Total: 100.0% | Item-R: 100.0%
[275/1166] convenience_7eleven_val_022.png | Latency: 4.68s | Macro-F1: 75.0% | Seller: 100.0% | Total: 100.0% | Item-R: 100.0%
[276/1166] convenience_7eleven_train_562.png | Latency: 5.79s | Macro-F1: 58.3% | Seller: 100.0% | Total: 0.0% | Item-R: 100.0%
[277/1166] supermarket_winmart_2026-07-10T19-24-41-646Z_zl0rx.jpg | Latency: 7.81s | Macro-F1: 62.5% | Seller: 50.0% | Total: 100.0% | Item-R: 100.0%
[278/1166] receipt_c45_bb_val_538.png | Latency: 3.4s | Macro-F1: 100.0% | Seller: 100.0% | Total: 100.0% | Item-R: 100.0%
[279/1166] convenience_gs25_train_412.png | Latency: 11.58s | Macro-F1: 95.8% | Seller: 100.0% | Total: 100.0% | Item-R: 100.0%
[280/1166] convenience_circlek_train_040.png | Latency: 5.85s | Macro-F1: 100.0% | Seller: 100.0% | Total: 100.0% | Item-R: 100.0%
[281/1166] restaurant_kfc_train_408.png | Latency: 9.7s | Macro-F1: 100.0% | Seller: 100.0% | Total: 100.0% | Item-R: 100.0%
[282/1166] cafe_phuclong_train_136.png | Latency: 8.97s | Macro-F1: 87.5% | Seller: 100.0% | Total: 100.0% | Item-R: 100.0%
[283/1166] restaurant_jollibee_train_307.png | Latency: 5.93s | Macro-F1: 100.0% | Seller: 100.0% | Total: 100.0% | Item-R: 100.0%
[284/1166] convenience_7eleven_train_163.png | Latency: 7.31s | Macro-F1: 75.0% | Seller: 100.0% | Total: 100.0% | Item-R: 100.0%
[285/1166] supermarket_lotte_train_204.png | Latency: 6.67s | Macro-F1: 87.5% | Seller: 100.0% | Total: 100.0% | Item-R: 100.0%
[286/1166] supermarket_bachhoaxanh_2026-06-28T08-18-43-610Z_kxvlcs.jpeg | Latency: 10.92s | Macro-F1: 80.6% | Seller: 100.0% | Total: 100.0% | Item-R: 100.0%
[287/1166] restaurant_kfc_val_281.png | Latency: 8.32s | Macro-F1: 100.0% | Seller: 100.0% | Total: 100.0% | Item-R: 100.0%
[288/1166] einvoice_viettel_train_421.png | Latency: 7.05s | Macro-F1: 100.0% | Seller: 100.0% | Total: 100.0% | Item-R: 100.0%
[289/1166] supermarket_lotte_train_503.png | Latency: 11.53s | Macro-F1: 95.0% | Seller: 100.0% | Total: 100.0% | Item-R: 100.0%
[290/1166] restaurant_jollibee_2026-07-06T07-14-23-012Z_twfqfl.jpeg | Latency: 10.35s | Macro-F1: 75.0% | Seller: 100.0% | Total: 100.0% | Item-R: 100.0%
[291/1166] convenience_circlek_val_008.png | Latency: 9.95s | Macro-F1: 100.0% | Seller: 100.0% | Total: 100.0% | Item-R: 100.0%
[292/1166] einvoice_viettel_train_361.png | Latency: 8.41s | Macro-F1: 100.0% | Seller: 100.0% | Total: 100.0% | Item-R: 100.0%
[293/1166] einvoice_vnpt_val_279.png | Latency: 10.01s | Macro-F1: 100.0% | Seller: 100.0% | Total: 100.0% | Item-R: 100.0%
[294/1166] convenience_7eleven_train_185.png | Latency: 9.54s | Macro-F1: 75.0% | Seller: 100.0% | Total: 100.0% | Item-R: 100.0%
[295/1166] cafe_phuclong_train_433.png | Latency: 7.83s | Macro-F1: 87.5% | Seller: 100.0% | Total: 100.0% | Item-R: 100.0%
[296/1166] convenience_gs25_train_175.png | Latency: 7.11s | Macro-F1: 100.0% | Seller: 100.0% | Total: 100.0% | Item-R: 100.0%
[297/1166] restaurant_kfc_2026-07-10T18-28-24-464Z_lroji.jpg | Latency: 9.98s | Macro-F1: 100.0% | Seller: 100.0% | Total: 100.0% | Item-R: 100.0%
[298/1166] supermarket_winmart_val_273.png | Latency: 10.25s | Macro-F1: 87.5% | Seller: 100.0% | Total: 100.0% | Item-R: 100.0%
[299/1166] supermarket_winmart_train_097.png | Latency: 7.32s | Macro-F1: 100.0% | Seller: 100.0% | Total: 100.0% | Item-R: 100.0%
[300/1166] cafe_phuclong_train_163.png | Latency: 7.72s | Macro-F1: 87.5% | Seller: 100.0% | Total: 100.0% | Item-R: 100.0%
[301/1166] convenience_circlek_train_413.png | Latency: 7.22s | Macro-F1: 100.0% | Seller: 100.0% | Total: 100.0% | Item-R: 100.0%
[302/1166] receipt_c45_bb_train_404.png | Latency: 3.18s | Macro-F1: 100.0% | Seller: 100.0% | Total: 100.0% | Item-R: 100.0%
[303/1166] cafe_phuclong_train_607.png | Latency: 7.66s | Macro-F1: 87.5% | Seller: 100.0% | Total: 100.0% | Item-R: 100.0%
[304/1166] minimart_anan_train_050.png | Latency: 8.6s | Macro-F1: 100.0% | Seller: 100.0% | Total: 100.0% | Item-R: 100.0%
[305/1166] supermarket_lotte_train_037.png | Latency: 6.43s | Macro-F1: 100.0% | Seller: 100.0% | Total: 100.0% | Item-R: 100.0%
[306/1166] cafe_phuclong_train_557.png | Latency: 10.69s | Macro-F1: 77.1% | Seller: 100.0% | Total: 100.0% | Item-R: 83.3%
[307/1166] cafe_highlands_val_276.png | Latency: 10.57s | Macro-F1: 83.3% | Seller: 100.0% | Total: 100.0% | Item-R: 100.0%
[308/1166] convenience_7eleven_2026-07-04T13-34-20-468Z_t7enrq.jpg | Latency: 8.07s | Macro-F1: 87.5% | Seller: 100.0% | Total: 100.0% | Item-R: 100.0%
[309/1166] convenience_circlek_val_158.png | Latency: 10.18s | Macro-F1: 100.0% | Seller: 100.0% | Total: 100.0% | Item-R: 100.0%
[310/1166] convenience_7eleven_train_170.png | Latency: 7.37s | Macro-F1: 75.0% | Seller: 100.0% | Total: 100.0% | Item-R: 100.0%
[311/1166] cafe_phuclong_train_570.png | Latency: 5.41s | Macro-F1: 87.5% | Seller: 100.0% | Total: 100.0% | Item-R: 100.0%
[312/1166] cafe_phuclong_train_079.png | Latency: 6.45s | Macro-F1: 87.5% | Seller: 100.0% | Total: 100.0% | Item-R: 100.0%
[313/1166] minimart_anan_train_623.png | Latency: 11.88s | Macro-F1: 100.0% | Seller: 100.0% | Total: 100.0% | Item-R: 100.0%
[314/1166] minimart_anan_val_153.png | Latency: 10.1s | Macro-F1: 100.0% | Seller: 100.0% | Total: 100.0% | Item-R: 100.0%
[315/1166] supermarket_bachhoaxanh_train_083.png | Latency: 5.95s | Macro-F1: 100.0% | Seller: 100.0% | Total: 100.0% | Item-R: 100.0%
[316/1166] minimart_anan_train_371.png | Latency: 11.29s | Macro-F1: 100.0% | Seller: 100.0% | Total: 100.0% | Item-R: 100.0%
[317/1166] cafe_starbucks_train_465.png | Latency: 9.62s | Macro-F1: 87.5% | Seller: 100.0% | Total: 100.0% | Item-R: 100.0%
[318/1166] convenience_7eleven_train_073.png | Latency: 7.27s | Macro-F1: 75.0% | Seller: 100.0% | Total: 100.0% | Item-R: 100.0%
[319/1166] cafe_starbucks_train_361.png | Latency: 9.56s | Macro-F1: 85.4% | Seller: 100.0% | Total: 100.0% | Item-R: 100.0%
[320/1166] convenience_gs25_val_280.png | Latency: 8.79s | Macro-F1: 100.0% | Seller: 100.0% | Total: 100.0% | Item-R: 100.0%
[321/1166] einvoice_vnpt_train_452.png | Latency: 8.52s | Macro-F1: 100.0% | Seller: 100.0% | Total: 100.0% | Item-R: 100.0%
[322/1166] convenience_gs25_train_216.png | Latency: 5.91s | Macro-F1: 100.0% | Seller: 100.0% | Total: 100.0% | Item-R: 100.0%
[323/1166] supermarket_lotte_train_202.png | Latency: 11.04s | Macro-F1: 100.0% | Seller: 100.0% | Total: 100.0% | Item-R: 100.0%
[324/1166] cafe_highlands_train_637.png | Latency: 7.91s | Macro-F1: 87.5% | Seller: 100.0% | Total: 100.0% | Item-R: 100.0%
[325/1166] convenience_gs25_train_200.png | Latency: 8.55s | Macro-F1: 100.0% | Seller: 100.0% | Total: 100.0% | Item-R: 100.0%
[326/1166] cafe_starbucks_train_552.png | Latency: 6.31s | Macro-F1: 87.5% | Seller: 100.0% | Total: 100.0% | Item-R: 100.0%
[327/1166] convenience_circlek_2026-07-04T12-56-58-542Z_knz649.jpg | Latency: 12.17s | Macro-F1: 73.1% | Seller: 100.0% | Total: 0.0% | Item-R: 100.0%
[328/1166] convenience_7eleven_train_060.png | Latency: 8.49s | Macro-F1: 72.5% | Seller: 100.0% | Total: 100.0% | Item-R: 100.0%
[329/1166] restaurant_jollibee_val_012.png | Latency: 5.83s | Macro-F1: 100.0% | Seller: 100.0% | Total: 100.0% | Item-R: 100.0%
[330/1166] restaurant_kfc_train_206.png | Latency: 8.36s | Macro-F1: 100.0% | Seller: 100.0% | Total: 100.0% | Item-R: 100.0%
[331/1166] convenience_circlek_val_415.png | Latency: 11.65s | Macro-F1: 95.8% | Seller: 100.0% | Total: 100.0% | Item-R: 100.0%
[332/1166] cafe_highlands_train_215.png | Latency: 6.84s | Macro-F1: 87.5% | Seller: 100.0% | Total: 100.0% | Item-R: 100.0%
[333/1166] cafe_highlands_2026-07-06T06-59-42-354Z_xi9mb.jpeg | Latency: 10.92s | Macro-F1: 87.5% | Seller: 100.0% | Total: 100.0% | Item-R: 100.0%
[334/1166] cafe_phuclong_train_437.png | Latency: 7.81s | Macro-F1: 87.5% | Seller: 100.0% | Total: 100.0% | Item-R: 100.0%
[335/1166] convenience_7eleven_2026-07-04T13-34-35-658Z_qx0bbn.jpg | Latency: 8.12s | Macro-F1: 75.0% | Seller: 100.0% | Total: 100.0% | Item-R: 100.0%
[336/1166] einvoice_viettel_val_011.png | Latency: 11.31s | Macro-F1: 100.0% | Seller: 100.0% | Total: 100.0% | Item-R: 100.0%
[337/1166] convenience_gs25_train_466.png | Latency: 10.05s | Macro-F1: 95.0% | Seller: 100.0% | Total: 100.0% | Item-R: 100.0%
[338/1166] cafe_highlands_train_214.png | Latency: 5.3s | Macro-F1: 87.5% | Seller: 100.0% | Total: 100.0% | Item-R: 100.0%
[339/1166] supermarket_lotte_2026-07-06T07-51-15-392Z_bbsvb.jpeg | Latency: 8.57s | Macro-F1: 93.8% | Seller: 100.0% | Total: 100.0% | Item-R: 100.0%
[340/1166] restaurant_jollibee_train_311.png | Latency: 10.25s | Macro-F1: 97.5% | Seller: 100.0% | Total: 100.0% | Item-R: 100.0%
[341/1166] restaurant_jollibee_train_493.png | Latency: 10.25s | Macro-F1: 100.0% | Seller: 100.0% | Total: 100.0% | Item-R: 100.0%
[342/1166] convenience_circlek_train_196.png | Latency: 7.26s | Macro-F1: 100.0% | Seller: 100.0% | Total: 100.0% | Item-R: 100.0%
[343/1166] restaurant_jollibee_2026-07-06T07-14-51-597Z_5cbzci.jpeg | Latency: 10.41s | Macro-F1: 75.0% | Seller: 100.0% | Total: 100.0% | Item-R: 100.0%
[344/1166] cafe_starbucks_train_137.png | Latency: 5.06s | Macro-F1: 87.5% | Seller: 100.0% | Total: 100.0% | Item-R: 100.0%
[345/1166] convenience_gs25_train_408.png | Latency: 7.27s | Macro-F1: 100.0% | Seller: 100.0% | Total: 100.0% | Item-R: 100.0%
[346/1166] supermarket_lotte_train_319.png | Latency: 13.33s | Macro-F1: 87.5% | Seller: 100.0% | Total: 0.0% | Item-R: 100.0%
[347/1166] convenience_7eleven_val_556.png | Latency: 8.49s | Macro-F1: 75.0% | Seller: 100.0% | Total: 100.0% | Item-R: 100.0%
[348/1166] einvoice_vnpt_train_341.png | Latency: 11.6s | Macro-F1: 100.0% | Seller: 100.0% | Total: 100.0% | Item-R: 100.0%
[349/1166] restaurant_jollibee_2026-07-06T07-17-34-893Z_41c05f.jpeg | Latency: 7.44s | Macro-F1: 75.0% | Seller: 100.0% | Total: 100.0% | Item-R: 100.0%
[350/1166] cafe_highlands_train_559.png | Latency: 5.32s | Macro-F1: 87.5% | Seller: 100.0% | Total: 100.0% | Item-R: 100.0%
[351/1166] einvoice_vnpt_train_236.png | Latency: 6.77s | Macro-F1: 100.0% | Seller: 100.0% | Total: 100.0% | Item-R: 100.0%
[352/1166] cafe_starbucks_train_224.png | Latency: 9.64s | Macro-F1: 83.3% | Seller: 100.0% | Total: 100.0% | Item-R: 100.0%
[353/1166] restaurant_jollibee_train_368.png | Latency: 8.65s | Macro-F1: 100.0% | Seller: 100.0% | Total: 100.0% | Item-R: 100.0%
[354/1166] convenience_7eleven_train_293.png | Latency: 8.18s | Macro-F1: 75.0% | Seller: 100.0% | Total: 100.0% | Item-R: 100.0%
[355/1166] receipt_c45_bb_val_289.png | Latency: 3.23s | Macro-F1: 100.0% | Seller: 100.0% | Total: 100.0% | Item-R: 100.0%
[356/1166] cafe_phuclong_train_469.png | Latency: 10.21s | Macro-F1: 87.5% | Seller: 100.0% | Total: 100.0% | Item-R: 100.0%
[357/1166] supermarket_bachhoaxanh_val_269.png | Latency: 10.77s | Macro-F1: 100.0% | Seller: 100.0% | Total: 100.0% | Item-R: 100.0%
[358/1166] supermarket_lotte_2026-07-06T07-50-29-110Z_f2qhxf.jpeg | Latency: 8.51s | Macro-F1: 87.5% | Seller: 100.0% | Total: 100.0% | Item-R: 100.0%
[359/1166] einvoice_viettel_train_091.png | Latency: 11.28s | Macro-F1: 100.0% | Seller: 100.0% | Total: 100.0% | Item-R: 100.0%
[360/1166] minimart_anan_train_580.png | Latency: 7.05s | Macro-F1: 100.0% | Seller: 100.0% | Total: 100.0% | Item-R: 100.0%
[361/1166] einvoice_vnpt_train_046.png | Latency: 8.31s | Macro-F1: 100.0% | Seller: 100.0% | Total: 100.0% | Item-R: 100.0%
[362/1166] convenience_7eleven_2026-07-04T13-34-44-879Z_95kld.jpg | Latency: 10.66s | Macro-F1: 87.5% | Seller: 100.0% | Total: 100.0% | Item-R: 100.0%
[363/1166] convenience_circlek_val_013.png | Latency: 9.91s | Macro-F1: 100.0% | Seller: 100.0% | Total: 100.0% | Item-R: 100.0%
[364/1166] cafe_phuclong_2026-07-06T07-27-33-424Z_js601.jpeg | Latency: 7.1s | Macro-F1: 87.5% | Seller: 100.0% | Total: 100.0% | Item-R: 100.0%
[365/1166] einvoice_vnpt_train_316.png | Latency: 11.59s | Macro-F1: 100.0% | Seller: 100.0% | Total: 100.0% | Item-R: 100.0%
[366/1166] einvoice_vnpt_val_005.png | Latency: 6.76s | Macro-F1: 100.0% | Seller: 100.0% | Total: 100.0% | Item-R: 100.0%
[367/1166] supermarket_lotte_train_432.png | Latency: 8.36s | Macro-F1: 100.0% | Seller: 100.0% | Total: 100.0% | Item-R: 100.0%
[368/1166] supermarket_winmart_val_275.png | Latency: 7.37s | Macro-F1: 100.0% | Seller: 100.0% | Total: 100.0% | Item-R: 100.0%
[369/1166] restaurant_jollibee_train_034.png | Latency: 10.13s | Macro-F1: 100.0% | Seller: 100.0% | Total: 100.0% | Item-R: 100.0%
[370/1166] cafe_starbucks_val_271.png | Latency: 9.23s | Macro-F1: 87.5% | Seller: 100.0% | Total: 100.0% | Item-R: 100.0%
[371/1166] z7979432782314_92edbdc060d634f088be681ee3bcf245.jpg | Latency: 3.59s | Macro-F1: 100.0% | Seller: 100.0% | Total: 100.0% | Item-R: 100.0%
[372/1166] convenience_gs25_train_628.png | Latency: 11.52s | Macro-F1: 83.3% | Seller: 100.0% | Total: 100.0% | Item-R: 100.0%
[373/1166] restaurant_jollibee_train_463.png | Latency: 5.89s | Macro-F1: 100.0% | Seller: 100.0% | Total: 100.0% | Item-R: 100.0%
[374/1166] convenience_circlek_train_060.png | Latency: 6.91s | Macro-F1: 100.0% | Seller: 100.0% | Total: 100.0% | Item-R: 100.0%
[375/1166] minimart_anan_train_099.png | Latency: 9.78s | Macro-F1: 100.0% | Seller: 100.0% | Total: 100.0% | Item-R: 100.0%
[376/1166] z7981206242839_541e7ad397f12baa9a06ba8b1b43d439.jpg | Latency: 8.73s | Macro-F1: 100.0% | Seller: 100.0% | Total: 100.0% | Item-R: 100.0%
[377/1166] restaurant_kfc_train_335.png | Latency: 6.98s | Macro-F1: 100.0% | Seller: 100.0% | Total: 100.0% | Item-R: 100.0%
[378/1166] cafe_highlands_val_418.png | Latency: 8.81s | Macro-F1: 87.5% | Seller: 100.0% | Total: 100.0% | Item-R: 100.0%
[379/1166] einvoice_viettel_train_304.png | Latency: 11.3s | Macro-F1: 100.0% | Seller: 100.0% | Total: 100.0% | Item-R: 100.0%
[380/1166] cafe_phuclong_2026-07-06T07-36-32-059Z_5ypn8.jpeg | Latency: 7.03s | Macro-F1: 75.0% | Seller: 100.0% | Total: 100.0% | Item-R: 100.0%
[381/1166] restaurant_kfc_train_543.png | Latency: 8.33s | Macro-F1: 100.0% | Seller: 100.0% | Total: 100.0% | Item-R: 100.0%
[382/1166] restaurant_kfc_2026-07-10T18-30-16-594Z_hqmerq.jpg | Latency: 10.15s | Macro-F1: 90.3% | Seller: 100.0% | Total: 100.0% | Item-R: 100.0%
[383/1166] cafe_phuclong_train_310.png | Latency: 7.57s | Macro-F1: 87.5% | Seller: 100.0% | Total: 100.0% | Item-R: 100.0%
[384/1166] cafe_phuclong_train_085.png | Latency: 10.21s | Macro-F1: 87.5% | Seller: 100.0% | Total: 100.0% | Item-R: 100.0%
[385/1166] einvoice_viettel_val_286.png | Latency: 11.4s | Macro-F1: 100.0% | Seller: 100.0% | Total: 100.0% | Item-R: 100.0%
[386/1166] cafe_starbucks_2026-06-27T10-56-46-094Z_whmqs.jpg | Latency: 8.39s | Macro-F1: 87.5% | Seller: 100.0% | Total: 100.0% | Item-R: 100.0%
[387/1166] minimart_anan_train_217.png | Latency: 10.04s | Macro-F1: 100.0% | Seller: 100.0% | Total: 100.0% | Item-R: 100.0%
[388/1166] cafe_phuclong_train_544.png | Latency: 10.07s | Macro-F1: 87.5% | Seller: 100.0% | Total: 100.0% | Item-R: 100.0%
[389/1166] restaurant_jollibee_2026-07-06T07-14-19-810Z_p2zxy2.jpeg | Latency: 10.23s | Macro-F1: 62.5% | Seller: 100.0% | Total: 100.0% | Item-R: 100.0%
[390/1166] minimart_anan_val_008.png | Latency: 7.41s | Macro-F1: 100.0% | Seller: 100.0% | Total: 100.0% | Item-R: 100.0%
[391/1166] cafe_highlands_val_148.png | Latency: 10.22s | Macro-F1: 87.5% | Seller: 100.0% | Total: 100.0% | Item-R: 100.0%
[392/1166] convenience_7eleven_train_641.png | Latency: 4.67s | Macro-F1: 75.0% | Seller: 100.0% | Total: 100.0% | Item-R: 100.0%
[393/1166] supermarket_lotte_train_372.png | Latency: 9.73s | Macro-F1: 93.8% | Seller: 100.0% | Total: 100.0% | Item-R: 100.0%
[394/1166] minimart_anan_train_097.png | Latency: 7.37s | Macro-F1: 100.0% | Seller: 100.0% | Total: 100.0% | Item-R: 100.0%
[395/1166] supermarket_winmart_2026-07-10T19-21-39-065Z_xb204.jpg | Latency: 8.95s | Macro-F1: 50.0% | Seller: 0.0% | Total: 100.0% | Item-R: 100.0%
[396/1166] restaurant_jollibee_2026-07-06T07-17-05-150Z_246a5.jpeg | Latency: 10.11s | Macro-F1: 75.0% | Seller: 100.0% | Total: 100.0% | Item-R: 100.0%
[397/1166] receipt_c45_bb_train_340.png | Latency: 3.25s | Macro-F1: 100.0% | Seller: 100.0% | Total: 100.0% | Item-R: 100.0%
[398/1166] convenience_circlek_val_291.png | Latency: 10.02s | Macro-F1: 100.0% | Seller: 100.0% | Total: 100.0% | Item-R: 100.0%
[399/1166] minimart_anan_train_482.png | Latency: 11.27s | Macro-F1: 100.0% | Seller: 100.0% | Total: 100.0% | Item-R: 100.0%
[400/1166] supermarket_lotte_train_190.png | Latency: 11.32s | Macro-F1: 100.0% | Seller: 100.0% | Total: 100.0% | Item-R: 100.0%
[401/1166] minimart_anan_val_413.png | Latency: 9.93s | Macro-F1: 100.0% | Seller: 100.0% | Total: 100.0% | Item-R: 100.0%
[402/1166] receipt_c45_bb_train_077.png | Latency: 3.28s | Macro-F1: 100.0% | Seller: 100.0% | Total: 100.0% | Item-R: 100.0%
[403/1166] einvoice_vnpt_train_153.png | Latency: 11.45s | Macro-F1: 100.0% | Seller: 100.0% | Total: 100.0% | Item-R: 100.0%
[404/1166] supermarket_winmart_2026-07-10T19-21-38-249Z_6dtkl.jpg | Latency: 8.94s | Macro-F1: 61.1% | Seller: 100.0% | Total: 100.0% | Item-R: 100.0%
[405/1166] restaurant_jollibee_train_420.png | Latency: 5.7s | Macro-F1: 100.0% | Seller: 100.0% | Total: 100.0% | Item-R: 100.0%
[406/1166] supermarket_lotte_train_194.png | Latency: 12.92s | Macro-F1: 100.0% | Seller: 100.0% | Total: 100.0% | Item-R: 100.0%
[407/1166] convenience_gs25_train_353.png | Latency: 8.69s | Macro-F1: 100.0% | Seller: 100.0% | Total: 100.0% | Item-R: 100.0%
[408/1166] z7981206201384_49d488b2ac23dcd082a0622be1bce028.jpg | Latency: 11.66s | Macro-F1: 100.0% | Seller: 100.0% | Total: 100.0% | Item-R: 100.0%
[409/1166] supermarket_winmart_train_489.png | Latency: 5.66s | Macro-F1: 100.0% | Seller: 100.0% | Total: 100.0% | Item-R: 100.0%
[410/1166] z7981213766711_a46e194245270fa0075ee18e03422606.jpg | Latency: 8.26s | Macro-F1: 100.0% | Seller: 100.0% | Total: 100.0% | Item-R: 100.0%
[411/1166] cafe_phuclong_train_578.png | Latency: 7.67s | Macro-F1: 87.5% | Seller: 100.0% | Total: 100.0% | Item-R: 100.0%
[412/1166] cafe_phuclong_train_318.png | Latency: 5.43s | Macro-F1: 87.5% | Seller: 100.0% | Total: 100.0% | Item-R: 100.0%
[413/1166] supermarket_lotte_train_233.png | Latency: 11.3s | Macro-F1: 100.0% | Seller: 100.0% | Total: 100.0% | Item-R: 100.0%
[414/1166] restaurant_kfc_train_556.png | Latency: 9.79s | Macro-F1: 100.0% | Seller: 100.0% | Total: 100.0% | Item-R: 100.0%
[415/1166] restaurant_kfc_val_290.png | Latency: 5.58s | Macro-F1: 100.0% | Seller: 100.0% | Total: 100.0% | Item-R: 100.0%
[416/1166] minimart_anan_train_481.png | Latency: 7.05s | Macro-F1: 100.0% | Seller: 100.0% | Total: 100.0% | Item-R: 100.0%
[417/1166] einvoice_vnpt_train_573.png | Latency: 11.5s | Macro-F1: 100.0% | Seller: 100.0% | Total: 100.0% | Item-R: 100.0%
[418/1166] cafe_highlands_train_273.png | Latency: 5.22s | Macro-F1: 87.5% | Seller: 100.0% | Total: 100.0% | Item-R: 100.0%
[419/1166] cafe_starbucks_2026-06-27T10-56-43-297Z_ez1jmk.jpg | Latency: 9.17s | Macro-F1: 87.5% | Seller: 100.0% | Total: 100.0% | Item-R: 100.0%
[420/1166] convenience_7eleven_val_137.png | Latency: 9.43s | Macro-F1: 75.0% | Seller: 100.0% | Total: 100.0% | Item-R: 100.0%
[421/1166] restaurant_jollibee_train_030.png | Latency: 10.24s | Macro-F1: 100.0% | Seller: 100.0% | Total: 100.0% | Item-R: 100.0%
[422/1166] convenience_7eleven_train_462.png | Latency: 4.78s | Macro-F1: 75.0% | Seller: 100.0% | Total: 100.0% | Item-R: 100.0%
[423/1166] restaurant_jollibee_train_086.png | Latency: 10.02s | Macro-F1: 100.0% | Seller: 100.0% | Total: 100.0% | Item-R: 100.0%
[424/1166] z7979900559396_78784a8359d51227babfe6d259fc81ac.jpg | Latency: 3.36s | Macro-F1: 87.5% | Seller: 100.0% | Total: 100.0% | Item-R: 0.0%
[425/1166] convenience_7eleven_train_409.png | Latency: 9.41s | Macro-F1: 75.0% | Seller: 100.0% | Total: 100.0% | Item-R: 100.0%
[426/1166] einvoice_vnpt_val_417.png | Latency: 9.98s | Macro-F1: 100.0% | Seller: 100.0% | Total: 100.0% | Item-R: 100.0%
[427/1166] cafe_starbucks_2026-06-27T10-52-48-791Z_88whr.jpg | Latency: 6.99s | Macro-F1: 87.5% | Seller: 100.0% | Total: 100.0% | Item-R: 100.0%
[428/1166] supermarket_winmart_train_180.png | Latency: 7.39s | Macro-F1: 100.0% | Seller: 100.0% | Total: 100.0% | Item-R: 100.0%
[429/1166] minimart_anan_val_548.png | Latency: 8.97s | Macro-F1: 100.0% | Seller: 100.0% | Total: 100.0% | Item-R: 100.0%
[430/1166] supermarket_bachhoaxanh_train_634.png | Latency: 6.0s | Macro-F1: 100.0% | Seller: 100.0% | Total: 100.0% | Item-R: 100.0%
[431/1166] convenience_circlek_train_611.png | Latency: 8.42s | Macro-F1: 100.0% | Seller: 100.0% | Total: 100.0% | Item-R: 100.0%
[432/1166] convenience_7eleven_train_361.png | Latency: 4.65s | Macro-F1: 75.0% | Seller: 100.0% | Total: 100.0% | Item-R: 100.0%
[433/1166] cafe_highlands_val_292.png | Latency: 6.72s | Macro-F1: 87.5% | Seller: 100.0% | Total: 100.0% | Item-R: 100.0%
[434/1166] convenience_7eleven_train_406.png | Latency: 7.16s | Macro-F1: 75.0% | Seller: 100.0% | Total: 100.0% | Item-R: 100.0%
[435/1166] cafe_highlands_val_541.png | Latency: 5.37s | Macro-F1: 87.5% | Seller: 100.0% | Total: 100.0% | Item-R: 100.0%
[436/1166] receipt_c45_bb_train_537.png | Latency: 3.27s | Macro-F1: 100.0% | Seller: 100.0% | Total: 100.0% | Item-R: 100.0%
[437/1166] einvoice_viettel_train_307.png | Latency: 9.53s | Macro-F1: 100.0% | Seller: 100.0% | Total: 100.0% | Item-R: 100.0%
[438/1166] supermarket_lotte_train_593.png | Latency: 9.53s | Macro-F1: 100.0% | Seller: 100.0% | Total: 100.0% | Item-R: 100.0%
[439/1166] z7979231139013_eda75e07cf26ff504ea12de8db72a488.jpg | Latency: 8.66s | Macro-F1: 100.0% | Seller: 100.0% | Total: 100.0% | Item-R: 100.0%
[440/1166] restaurant_kfc_2026-07-10T18-30-51-408Z_jcujso.jpg | Latency: 10.26s | Macro-F1: 100.0% | Seller: 100.0% | Total: 100.0% | Item-R: 100.0%
[441/1166] convenience_circlek_2026-07-04T12-54-58-627Z_hn0yw.jpg | Latency: 9.49s | Macro-F1: 84.7% | Seller: 100.0% | Total: 100.0% | Item-R: 100.0%
[442/1166] convenience_7eleven_2026-07-04T13-35-11-090Z_amns3x.jpg | Latency: 7.08s | Macro-F1: 80.0% | Seller: 100.0% | Total: 100.0% | Item-R: 100.0%
[443/1166] convenience_7eleven_train_086.png | Latency: 4.81s | Macro-F1: 75.0% | Seller: 100.0% | Total: 100.0% | Item-R: 100.0%
[444/1166] receipt_c45_bb_train_285.png | Latency: 3.2s | Macro-F1: 100.0% | Seller: 100.0% | Total: 100.0% | Item-R: 100.0%
[445/1166] convenience_gs25_val_027.png | Latency: 11.82s | Macro-F1: 100.0% | Seller: 100.0% | Total: 100.0% | Item-R: 100.0%
[446/1166] receipt_c45_bb_train_327.png | Latency: 3.26s | Macro-F1: 100.0% | Seller: 100.0% | Total: 100.0% | Item-R: 100.0%
[447/1166] einvoice_vnpt_train_441.png | Latency: 11.66s | Macro-F1: 100.0% | Seller: 100.0% | Total: 100.0% | Item-R: 100.0%
[448/1166] restaurant_kfc_train_369.png | Latency: 7.17s | Macro-F1: 100.0% | Seller: 100.0% | Total: 100.0% | Item-R: 100.0%
[449/1166] cafe_phuclong_train_546.png | Latency: 5.46s | Macro-F1: 87.5% | Seller: 100.0% | Total: 100.0% | Item-R: 100.0%
[450/1166] supermarket_winmart_train_025.png | Latency: 5.68s | Macro-F1: 100.0% | Seller: 100.0% | Total: 100.0% | Item-R: 100.0%
[451/1166] convenience_7eleven_2026-07-04T13-34-24-542Z_pf5cm.jpg | Latency: 5.59s | Macro-F1: 68.3% | Seller: 100.0% | Total: 100.0% | Item-R: 50.0%
[452/1166] convenience_7eleven_train_345.png | Latency: 4.77s | Macro-F1: 75.0% | Seller: 100.0% | Total: 100.0% | Item-R: 100.0%
[453/1166] cafe_starbucks_val_537.png | Latency: 7.41s | Macro-F1: 87.5% | Seller: 100.0% | Total: 100.0% | Item-R: 100.0%
[454/1166] receipt_c45_bb_val_150.png | Latency: 3.13s | Macro-F1: 100.0% | Seller: 100.0% | Total: 100.0% | Item-R: 100.0%
[455/1166] cafe_starbucks_2026-06-27T10-51-26-293Z_1qlhh.jpg | Latency: 6.05s | Macro-F1: 87.5% | Seller: 100.0% | Total: 100.0% | Item-R: 100.0%
[456/1166] cafe_phuclong_train_203.png | Latency: 9.12s | Macro-F1: 87.5% | Seller: 100.0% | Total: 100.0% | Item-R: 100.0%
[457/1166] cafe_phuclong_train_196.png | Latency: 10.18s | Macro-F1: 87.5% | Seller: 100.0% | Total: 100.0% | Item-R: 100.0%
[458/1166] supermarket_bachhoaxanh_2026-06-28T08-18-03-077Z_qjg82.jpeg | Latency: 8.13s | Macro-F1: 87.5% | Seller: 100.0% | Total: 100.0% | Item-R: 100.0%
[459/1166] supermarket_bachhoaxanh_train_105.png | Latency: 11.98s | Macro-F1: 100.0% | Seller: 100.0% | Total: 100.0% | Item-R: 100.0%
[460/1166] z7978986169632_daf44ab32c5ab581c4c05346a93afd8b.jpg | Latency: 7.13s | Macro-F1: 100.0% | Seller: 100.0% | Total: 100.0% | Item-R: 100.0%
[461/1166] minimart_anan_train_057.png | Latency: 5.5s | Macro-F1: 100.0% | Seller: 100.0% | Total: 100.0% | Item-R: 100.0%
[462/1166] restaurant_kfc_val_559.png | Latency: 11.24s | Macro-F1: 100.0% | Seller: 100.0% | Total: 100.0% | Item-R: 100.0%
[463/1166] einvoice_vnpt_train_429.png | Latency: 11.63s | Macro-F1: 100.0% | Seller: 100.0% | Total: 100.0% | Item-R: 100.0%
[464/1166] restaurant_kfc_train_424.png | Latency: 10.98s | Macro-F1: 100.0% | Seller: 100.0% | Total: 100.0% | Item-R: 100.0%
[465/1166] supermarket_lotte_2026-07-06T07-50-17-711Z_1vyful.jpeg | Latency: 13.54s | Macro-F1: 68.1% | Seller: 100.0% | Total: 100.0% | Item-R: 100.0%
[466/1166] cafe_starbucks_train_486.png | Latency: 9.79s | Macro-F1: 87.5% | Seller: 100.0% | Total: 100.0% | Item-R: 100.0%
[467/1166] receipt_c45_bb_train_153.png | Latency: 3.22s | Macro-F1: 100.0% | Seller: 100.0% | Total: 100.0% | Item-R: 100.0%
[468/1166] cafe_highlands_train_454.png | Latency: 5.54s | Macro-F1: 87.5% | Seller: 100.0% | Total: 100.0% | Item-R: 100.0%
[469/1166] cafe_starbucks_val_161.png | Latency: 9.45s | Macro-F1: 87.5% | Seller: 100.0% | Total: 100.0% | Item-R: 100.0%
[470/1166] convenience_gs25_train_456.png | Latency: 7.39s | Macro-F1: 100.0% | Seller: 100.0% | Total: 100.0% | Item-R: 100.0%
[471/1166] convenience_gs25_train_337.png | Latency: 11.81s | Macro-F1: 100.0% | Seller: 100.0% | Total: 100.0% | Item-R: 100.0%
[472/1166] convenience_circlek_train_331.png | Latency: 7.17s | Macro-F1: 100.0% | Seller: 100.0% | Total: 100.0% | Item-R: 100.0%
[473/1166] restaurant_kfc_train_079.png | Latency: 6.98s | Macro-F1: 100.0% | Seller: 100.0% | Total: 100.0% | Item-R: 100.0%
[474/1166] convenience_circlek_train_367.png | Latency: 5.85s | Macro-F1: 100.0% | Seller: 100.0% | Total: 100.0% | Item-R: 100.0%
[475/1166] supermarket_bachhoaxanh_train_462.png | Latency: 8.83s | Macro-F1: 100.0% | Seller: 100.0% | Total: 100.0% | Item-R: 100.0%
[476/1166] restaurant_kfc_val_139.png | Latency: 11.12s | Macro-F1: 100.0% | Seller: 100.0% | Total: 100.0% | Item-R: 100.0%
[477/1166] restaurant_kfc_train_598.png | Latency: 9.73s | Macro-F1: 100.0% | Seller: 100.0% | Total: 100.0% | Item-R: 100.0%
[478/1166] einvoice_viettel_train_567.png | Latency: 8.14s | Macro-F1: 66.7% | Seller: 100.0% | Total: 100.0% | Item-R: 33.3%
[479/1166] einvoice_vnpt_train_187.png | Latency: 10.2s | Macro-F1: 100.0% | Seller: 100.0% | Total: 100.0% | Item-R: 100.0%
[480/1166] restaurant_jollibee_2026-07-06T07-13-55-613Z_71ifh.jpeg | Latency: 10.34s | Macro-F1: 87.5% | Seller: 100.0% | Total: 100.0% | Item-R: 100.0%
[481/1166] einvoice_vnpt_train_142.png | Latency: 11.42s | Macro-F1: 100.0% | Seller: 100.0% | Total: 100.0% | Item-R: 100.0%
[482/1166] cafe_highlands_train_146.png | Latency: 6.51s | Macro-F1: 87.5% | Seller: 100.0% | Total: 100.0% | Item-R: 100.0%
[483/1166] einvoice_viettel_train_157.png | Latency: 9.87s | Macro-F1: 100.0% | Seller: 100.0% | Total: 100.0% | Item-R: 100.0%
[484/1166] cafe_phuclong_train_097.png | Latency: 6.71s | Macro-F1: 87.5% | Seller: 100.0% | Total: 100.0% | Item-R: 100.0%
[485/1166] cafe_phuclong_val_158.png | Latency: 10.25s | Macro-F1: 85.4% | Seller: 100.0% | Total: 100.0% | Item-R: 100.0%
[486/1166] restaurant_kfc_train_370.png | Latency: 8.2s | Macro-F1: 100.0% | Seller: 100.0% | Total: 100.0% | Item-R: 100.0%
[487/1166] einvoice_vnpt_train_405.png | Latency: 9.87s | Macro-F1: 100.0% | Seller: 100.0% | Total: 100.0% | Item-R: 100.0%
[488/1166] convenience_gs25_train_007.png | Latency: 11.32s | Macro-F1: 100.0% | Seller: 100.0% | Total: 100.0% | Item-R: 100.0%
[489/1166] convenience_circlek_train_166.png | Latency: 9.9s | Macro-F1: 100.0% | Seller: 100.0% | Total: 100.0% | Item-R: 100.0%
[490/1166] cafe_highlands_train_439.png | Latency: 8.1s | Macro-F1: 87.5% | Seller: 100.0% | Total: 100.0% | Item-R: 100.0%
[491/1166] einvoice_viettel_val_549.png | Latency: 11.36s | Macro-F1: 100.0% | Seller: 100.0% | Total: 100.0% | Item-R: 100.0%
[492/1166] restaurant_kfc_train_269.png | Latency: 5.51s | Macro-F1: 100.0% | Seller: 100.0% | Total: 100.0% | Item-R: 100.0%
[493/1166] supermarket_bachhoaxanh_val_013.png | Latency: 8.98s | Macro-F1: 100.0% | Seller: 100.0% | Total: 100.0% | Item-R: 100.0%
[494/1166] convenience_gs25_train_631.png | Latency: 5.88s | Macro-F1: 100.0% | Seller: 100.0% | Total: 100.0% | Item-R: 100.0%
[495/1166] cafe_phuclong_val_021.png | Latency: 6.65s | Macro-F1: 87.5% | Seller: 100.0% | Total: 100.0% | Item-R: 100.0%
[496/1166] cafe_highlands_train_593.png | Latency: 10.33s | Macro-F1: 87.5% | Seller: 100.0% | Total: 100.0% | Item-R: 100.0%
[497/1166] restaurant_kfc_val_291.png | Latency: 6.8s | Macro-F1: 100.0% | Seller: 100.0% | Total: 100.0% | Item-R: 100.0%
[498/1166] convenience_7eleven_train_344.png | Latency: 7.03s | Macro-F1: 75.0% | Seller: 100.0% | Total: 100.0% | Item-R: 100.0%
[499/1166] z7979430119031_4587da288139b43b2dcff1059deba136.jpg | Latency: 3.6s | Macro-F1: 87.5% | Seller: 100.0% | Total: 100.0% | Item-R: 0.0%
[500/1166] supermarket_bachhoaxanh_val_002.png | Latency: 9.05s | Macro-F1: 100.0% | Seller: 100.0% | Total: 100.0% | Item-R: 100.0%
[501/1166] minimart_anan_train_141.png | Latency: 7.08s | Macro-F1: 100.0% | Seller: 100.0% | Total: 100.0% | Item-R: 100.0%
[502/1166] restaurant_kfc_val_283.png | Latency: 7.04s | Macro-F1: 100.0% | Seller: 100.0% | Total: 100.0% | Item-R: 100.0%
[503/1166] supermarket_bachhoaxanh_train_506.png | Latency: 5.97s | Macro-F1: 100.0% | Seller: 100.0% | Total: 100.0% | Item-R: 100.0%
[504/1166] minimart_anan_train_316.png | Latency: 9.97s | Macro-F1: 100.0% | Seller: 100.0% | Total: 100.0% | Item-R: 100.0%
[505/1166] convenience_circlek_train_495.png | Latency: 8.54s | Macro-F1: 100.0% | Seller: 100.0% | Total: 100.0% | Item-R: 100.0%
[506/1166] einvoice_viettel_train_553.png | Latency: 8.0s | Macro-F1: 100.0% | Seller: 100.0% | Total: 100.0% | Item-R: 100.0%
[507/1166] cafe_starbucks_2026-06-27T10-51-04-750Z_93z2so.jpg | Latency: 8.52s | Macro-F1: 87.5% | Seller: 100.0% | Total: 100.0% | Item-R: 100.0%
[508/1166] cafe_highlands_train_618.png | Latency: 7.92s | Macro-F1: 87.5% | Seller: 100.0% | Total: 100.0% | Item-R: 100.0%
[509/1166] einvoice_viettel_train_095.png | Latency: 11.23s | Macro-F1: 100.0% | Seller: 100.0% | Total: 100.0% | Item-R: 100.0%
[510/1166] z7979921134523_2b6476b43fce86df6f0d83edb6aaca9c.jpg | Latency: 3.55s | Macro-F1: 87.5% | Seller: 100.0% | Total: 100.0% | Item-R: 0.0%
[511/1166] cafe_phuclong_train_220.png | Latency: 10.23s | Macro-F1: 87.5% | Seller: 100.0% | Total: 100.0% | Item-R: 100.0%
[512/1166] supermarket_winmart_train_200.png | Latency: 7.14s | Macro-F1: 100.0% | Seller: 100.0% | Total: 100.0% | Item-R: 100.0%
[513/1166] cafe_starbucks_2026-06-27T10-51-19-331Z_9mt7ec.jpg | Latency: 8.06s | Macro-F1: 87.5% | Seller: 100.0% | Total: 100.0% | Item-R: 100.0%
[514/1166] supermarket_bachhoaxanh_val_281.png | Latency: 7.32s | Macro-F1: 100.0% | Seller: 100.0% | Total: 100.0% | Item-R: 100.0%
[515/1166] convenience_gs25_val_153.png | Latency: 9.09s | Macro-F1: 100.0% | Seller: 100.0% | Total: 100.0% | Item-R: 100.0%
[516/1166] supermarket_winmart_val_285.png | Latency: 8.73s | Macro-F1: 100.0% | Seller: 100.0% | Total: 100.0% | Item-R: 100.0%
[517/1166] restaurant_kfc_train_088.png | Latency: 9.6s | Macro-F1: 100.0% | Seller: 100.0% | Total: 100.0% | Item-R: 100.0%
[518/1166] supermarket_winmart_val_415.png | Latency: 10.24s | Macro-F1: 100.0% | Seller: 100.0% | Total: 100.0% | Item-R: 100.0%
[519/1166] supermarket_winmart_val_412.png | Latency: 7.5s | Macro-F1: 100.0% | Seller: 100.0% | Total: 100.0% | Item-R: 100.0%
[520/1166] restaurant_jollibee_train_469.png | Latency: 10.03s | Macro-F1: 100.0% | Seller: 100.0% | Total: 100.0% | Item-R: 100.0%
[521/1166] cafe_phuclong_2026-07-06T07-32-48-395Z_w3mkl.jpeg | Latency: 10.75s | Macro-F1: 72.9% | Seller: 100.0% | Total: 100.0% | Item-R: 100.0%
[522/1166] cafe_phuclong_train_619.png | Latency: 5.35s | Macro-F1: 87.5% | Seller: 100.0% | Total: 100.0% | Item-R: 100.0%
[523/1166] cafe_highlands_2026-07-06T06-56-32-344Z_u40y6j.jpeg | Latency: 8.35s | Macro-F1: 87.5% | Seller: 100.0% | Total: 100.0% | Item-R: 100.0%
[524/1166] convenience_gs25_train_159.png | Latency: 8.45s | Macro-F1: 100.0% | Seller: 100.0% | Total: 100.0% | Item-R: 100.0%
[525/1166] supermarket_lotte_train_102.png | Latency: 12.89s | Macro-F1: 100.0% | Seller: 100.0% | Total: 100.0% | Item-R: 100.0%
[526/1166] restaurant_jollibee_train_293.png | Latency: 10.06s | Macro-F1: 100.0% | Seller: 100.0% | Total: 100.0% | Item-R: 100.0%
[527/1166] supermarket_lotte_train_367.png | Latency: 11.25s | Macro-F1: 100.0% | Seller: 100.0% | Total: 100.0% | Item-R: 100.0%
[528/1166] convenience_7eleven_2026-07-04T13-34-37-810Z_3xdb9l.jpg | Latency: 8.37s | Macro-F1: 87.5% | Seller: 100.0% | Total: 100.0% | Item-R: 100.0%
[529/1166] cafe_phuclong_train_182.png | Latency: 5.42s | Macro-F1: 87.5% | Seller: 100.0% | Total: 100.0% | Item-R: 100.0%
[530/1166] restaurant_kfc_train_620.png | Latency: 7.08s | Macro-F1: 100.0% | Seller: 100.0% | Total: 100.0% | Item-R: 100.0%
[531/1166] convenience_circlek_train_304.png | Latency: 10.35s | Macro-F1: 100.0% | Seller: 100.0% | Total: 100.0% | Item-R: 100.0%
[532/1166] cafe_highlands_train_640.png | Latency: 5.35s | Macro-F1: 87.5% | Seller: 100.0% | Total: 100.0% | Item-R: 100.0%
[533/1166] convenience_gs25_train_173.png | Latency: 9.99s | Macro-F1: 100.0% | Seller: 100.0% | Total: 100.0% | Item-R: 100.0%
[534/1166] supermarket_bachhoaxanh_val_294.png | Latency: 7.63s | Macro-F1: 100.0% | Seller: 100.0% | Total: 100.0% | Item-R: 100.0%
[535/1166] supermarket_winmart_train_549.png | Latency: 7.36s | Macro-F1: 100.0% | Seller: 100.0% | Total: 100.0% | Item-R: 100.0%
[536/1166] cafe_starbucks_train_329.png | Latency: 7.39s | Macro-F1: 87.5% | Seller: 100.0% | Total: 100.0% | Item-R: 100.0%
[537/1166] supermarket_lotte_2026-07-06T07-50-31-437Z_52b9e8.jpeg | Latency: 10.05s | Macro-F1: 87.5% | Seller: 100.0% | Total: 100.0% | Item-R: 100.0%
[538/1166] supermarket_bachhoaxanh_train_347.png | Latency: 6.1s | Macro-F1: 100.0% | Seller: 100.0% | Total: 100.0% | Item-R: 100.0%
[539/1166] supermarket_lotte_train_038.png | Latency: 8.21s | Macro-F1: 100.0% | Seller: 100.0% | Total: 100.0% | Item-R: 100.0%
[540/1166] restaurant_kfc_train_178.png | Latency: 11.03s | Macro-F1: 100.0% | Seller: 100.0% | Total: 100.0% | Item-R: 100.0%
[541/1166] supermarket_winmart_train_301.png | Latency: 7.41s | Macro-F1: 100.0% | Seller: 100.0% | Total: 100.0% | Item-R: 100.0%
[542/1166] supermarket_bachhoaxanh_train_472.png | Latency: 8.91s | Macro-F1: 100.0% | Seller: 100.0% | Total: 100.0% | Item-R: 100.0%
[543/1166] convenience_gs25_train_613.png | Latency: 11.64s | Macro-F1: 100.0% | Seller: 100.0% | Total: 100.0% | Item-R: 100.0%
[544/1166] supermarket_bachhoaxanh_train_205.png | Latency: 7.44s | Macro-F1: 100.0% | Seller: 100.0% | Total: 100.0% | Item-R: 100.0%
[545/1166] convenience_7eleven_train_436.png | Latency: 7.24s | Macro-F1: 75.0% | Seller: 100.0% | Total: 100.0% | Item-R: 100.0%
[546/1166] supermarket_bachhoaxanh_val_011.png | Latency: 6.01s | Macro-F1: 100.0% | Seller: 100.0% | Total: 100.0% | Item-R: 100.0%
[547/1166] cafe_starbucks_train_453.png | Latency: 4.88s | Macro-F1: 87.5% | Seller: 100.0% | Total: 100.0% | Item-R: 100.0%
[548/1166] supermarket_winmart_train_451.png | Latency: 11.74s | Macro-F1: 100.0% | Seller: 100.0% | Total: 100.0% | Item-R: 100.0%
[549/1166] z7979427536095_da36025560b7209697ec64d0b880f719.jpg | Latency: 3.6s | Macro-F1: 87.5% | Seller: 89.9% | Total: 100.0% | Item-R: 0.0%
[550/1166] convenience_circlek_train_496.png | Latency: 10.29s | Macro-F1: 100.0% | Seller: 100.0% | Total: 100.0% | Item-R: 100.0%
[551/1166] cafe_phuclong_2026-07-06T07-32-44-210Z_gtt9p3.jpeg | Latency: 8.32s | Macro-F1: 75.0% | Seller: 100.0% | Total: 100.0% | Item-R: 100.0%
[552/1166] supermarket_winmart_train_561.png | Latency: 11.36s | Macro-F1: 100.0% | Seller: 100.0% | Total: 100.0% | Item-R: 100.0%
[553/1166] einvoice_viettel_train_215.png | Latency: 11.16s | Macro-F1: 100.0% | Seller: 100.0% | Total: 100.0% | Item-R: 100.0%
[554/1166] receipt_c45_bb_train_622.png | Latency: 3.09s | Macro-F1: 100.0% | Seller: 100.0% | Total: 100.0% | Item-R: 100.0%
[555/1166] restaurant_jollibee_train_443.png | Latency: 10.04s | Macro-F1: 100.0% | Seller: 100.0% | Total: 100.0% | Item-R: 100.0%
[556/1166] convenience_circlek_val_540.png | Latency: 11.39s | Macro-F1: 100.0% | Seller: 100.0% | Total: 100.0% | Item-R: 100.0%
[557/1166] cafe_highlands_train_544.png | Latency: 8.82s | Macro-F1: 87.5% | Seller: 100.0% | Total: 100.0% | Item-R: 100.0%
[558/1166] restaurant_jollibee_train_192.png | Latency: 8.64s | Macro-F1: 100.0% | Seller: 100.0% | Total: 100.0% | Item-R: 100.0%
[559/1166] supermarket_lotte_val_549.png | Latency: 6.54s | Macro-F1: 100.0% | Seller: 100.0% | Total: 100.0% | Item-R: 100.0%
[560/1166] convenience_7eleven_train_482.png | Latency: 9.56s | Macro-F1: 75.0% | Seller: 100.0% | Total: 100.0% | Item-R: 100.0%
[561/1166] cafe_phuclong_train_621.png | Latency: 8.84s | Macro-F1: 87.5% | Seller: 100.0% | Total: 100.0% | Item-R: 100.0%
[562/1166] supermarket_winmart_train_503.png | Latency: 11.44s | Macro-F1: 95.8% | Seller: 100.0% | Total: 100.0% | Item-R: 100.0%
[563/1166] supermarket_winmart_val_555.png | Latency: 10.07s | Macro-F1: 100.0% | Seller: 100.0% | Total: 100.0% | Item-R: 100.0%
[564/1166] supermarket_winmart_train_539.png | Latency: 8.6s | Macro-F1: 100.0% | Seller: 100.0% | Total: 100.0% | Item-R: 100.0%
[565/1166] receipt_c45_bb_train_632.png | Latency: 3.32s | Macro-F1: 100.0% | Seller: 100.0% | Total: 100.0% | Item-R: 100.0%
[566/1166] minimart_anan_train_502.png | Latency: 5.66s | Macro-F1: 100.0% | Seller: 100.0% | Total: 100.0% | Item-R: 100.0%
[567/1166] cafe_starbucks_val_026.png | Latency: 4.92s | Macro-F1: 87.5% | Seller: 100.0% | Total: 100.0% | Item-R: 100.0%
[568/1166] einvoice_viettel_train_420.png | Latency: 11.2s | Macro-F1: 100.0% | Seller: 100.0% | Total: 100.0% | Item-R: 100.0%
[569/1166] convenience_7eleven_val_017.png | Latency: 8.31s | Macro-F1: 75.0% | Seller: 100.0% | Total: 100.0% | Item-R: 100.0%
[570/1166] restaurant_kfc_val_140.png | Latency: 9.72s | Macro-F1: 100.0% | Seller: 100.0% | Total: 100.0% | Item-R: 100.0%
[571/1166] convenience_7eleven_train_232.png | Latency: 9.5s | Macro-F1: 75.0% | Seller: 100.0% | Total: 100.0% | Item-R: 100.0%
[572/1166] convenience_circlek_train_353.png | Latency: 8.72s | Macro-F1: 100.0% | Seller: 100.0% | Total: 100.0% | Item-R: 100.0%
[573/1166] restaurant_kfc_val_412.png | Latency: 8.37s | Macro-F1: 100.0% | Seller: 100.0% | Total: 100.0% | Item-R: 100.0%
[574/1166] einvoice_vnpt_train_210.png | Latency: 9.75s | Macro-F1: 100.0% | Seller: 100.0% | Total: 100.0% | Item-R: 100.0%
[575/1166] restaurant_kfc_train_065.png | Latency: 8.3s | Macro-F1: 100.0% | Seller: 100.0% | Total: 100.0% | Item-R: 100.0%
[576/1166] convenience_7eleven_train_273.png | Latency: 7.07s | Macro-F1: 75.0% | Seller: 100.0% | Total: 100.0% | Item-R: 100.0%
[577/1166] restaurant_jollibee_train_014.png | Latency: 7.21s | Macro-F1: 100.0% | Seller: 100.0% | Total: 100.0% | Item-R: 100.0%
[578/1166] supermarket_lotte_val_548.png | Latency: 11.47s | Macro-F1: 100.0% | Seller: 100.0% | Total: 100.0% | Item-R: 100.0%
[579/1166] einvoice_viettel_val_540.png | Latency: 9.94s | Macro-F1: 100.0% | Seller: 100.0% | Total: 100.0% | Item-R: 100.0%
[580/1166] convenience_gs25_2026-07-10T18-51-57-291Z_lkfx2d.jpg | Latency: 7.7s | Macro-F1: 62.5% | Seller: 100.0% | Total: 100.0% | Item-R: 100.0%
[581/1166] restaurant_jollibee_train_541.png | Latency: 7.48s | Macro-F1: 100.0% | Seller: 100.0% | Total: 100.0% | Item-R: 100.0%
[582/1166] einvoice_vnpt_train_180.png | Latency: 11.48s | Macro-F1: 100.0% | Seller: 100.0% | Total: 100.0% | Item-R: 100.0%
[583/1166] cafe_starbucks_train_204.png | Latency: 7.28s | Macro-F1: 87.5% | Seller: 100.0% | Total: 100.0% | Item-R: 100.0%
[584/1166] cafe_highlands_train_166.png | Latency: 9.13s | Macro-F1: 80.0% | Seller: 100.0% | Total: 100.0% | Item-R: 100.0%
[585/1166] restaurant_kfc_train_539.png | Latency: 6.93s | Macro-F1: 100.0% | Seller: 100.0% | Total: 100.0% | Item-R: 100.0%
[586/1166] cafe_starbucks_2026-06-27T10-56-15-167Z_7hioxc.jpg | Latency: 5.83s | Macro-F1: 87.5% | Seller: 100.0% | Total: 100.0% | Item-R: 100.0%
[587/1166] receipt_c45_bb_train_573.png | Latency: 3.18s | Macro-F1: 100.0% | Seller: 100.0% | Total: 100.0% | Item-R: 100.0%
[588/1166] receipt_c45_bb_train_227.png | Latency: 3.18s | Macro-F1: 100.0% | Seller: 100.0% | Total: 100.0% | Item-R: 100.0%
[589/1166] minimart_anan_val_284.png | Latency: 8.4s | Macro-F1: 100.0% | Seller: 100.0% | Total: 100.0% | Item-R: 100.0%
[590/1166] minimart_anan_train_060.png | Latency: 7.32s | Macro-F1: 100.0% | Seller: 100.0% | Total: 100.0% | Item-R: 100.0%
[591/1166] restaurant_jollibee_2026-07-06T07-10-26-756Z_6mz87.jpeg | Latency: 7.05s | Macro-F1: 75.0% | Seller: 100.0% | Total: 100.0% | Item-R: 100.0%
[592/1166] einvoice_vnpt_train_365.png | Latency: 11.72s | Macro-F1: 100.0% | Seller: 100.0% | Total: 100.0% | Item-R: 100.0%
[593/1166] z7979921156949_bb8bf58ce5d21ddfbf47a2568fb07a07.jpg | Latency: 3.51s | Macro-F1: 100.0% | Seller: 100.0% | Total: 100.0% | Item-R: 100.0%
[594/1166] convenience_7eleven_train_317.png | Latency: 6.01s | Macro-F1: 75.0% | Seller: 100.0% | Total: 100.0% | Item-R: 100.0%
[595/1166] cafe_starbucks_train_023.png | Latency: 6.07s | Macro-F1: 87.5% | Seller: 100.0% | Total: 100.0% | Item-R: 100.0%
[596/1166] convenience_circlek_2026-07-04T13-01-00-378Z_b5l1s.jpg | Latency: 6.01s | Macro-F1: 87.5% | Seller: 100.0% | Total: 100.0% | Item-R: 100.0%
[597/1166] einvoice_vnpt_train_332.png | Latency: 6.94s | Macro-F1: 100.0% | Seller: 100.0% | Total: 100.0% | Item-R: 100.0%
[598/1166] restaurant_jollibee_2026-07-06T07-15-08-662Z_w7xdtm.jpeg | Latency: 7.62s | Macro-F1: 87.5% | Seller: 100.0% | Total: 100.0% | Item-R: 100.0%
[599/1166] cafe_highlands_train_546.png | Latency: 10.35s | Macro-F1: 87.5% | Seller: 100.0% | Total: 100.0% | Item-R: 100.0%
[600/1166] cafe_highlands_train_583.png | Latency: 10.3s | Macro-F1: 87.5% | Seller: 100.0% | Total: 100.0% | Item-R: 100.0%
[601/1166] convenience_gs25_2026-07-10T18-50-26-049Z_hv5qpf.jpg | Latency: 10.13s | Macro-F1: 75.0% | Seller: 100.0% | Total: 100.0% | Item-R: 100.0%
[602/1166] supermarket_winmart_train_454.png | Latency: 8.75s | Macro-F1: 100.0% | Seller: 100.0% | Total: 100.0% | Item-R: 100.0%
[603/1166] supermarket_bachhoaxanh_train_042.png | Latency: 6.19s | Macro-F1: 100.0% | Seller: 100.0% | Total: 100.0% | Item-R: 100.0%
[604/1166] cafe_highlands_train_419.png | Latency: 9.19s | Macro-F1: 87.5% | Seller: 100.0% | Total: 100.0% | Item-R: 100.0%
[605/1166] cafe_highlands_train_101.png | Latency: 10.46s | Macro-F1: 87.5% | Seller: 100.0% | Total: 100.0% | Item-R: 100.0%
[606/1166] supermarket_lotte_train_293.png | Latency: 11.55s | Macro-F1: 100.0% | Seller: 100.0% | Total: 100.0% | Item-R: 100.0%
[607/1166] restaurant_jollibee_val_410.png | Latency: 5.87s | Macro-F1: 100.0% | Seller: 100.0% | Total: 100.0% | Item-R: 100.0%
[608/1166] supermarket_winmart_train_627.png | Latency: 8.91s | Macro-F1: 100.0% | Seller: 100.0% | Total: 100.0% | Item-R: 100.0%
[609/1166] supermarket_lotte_train_326.png | Latency: 9.92s | Macro-F1: 100.0% | Seller: 100.0% | Total: 100.0% | Item-R: 100.0%
[610/1166] restaurant_jollibee_train_154.png | Latency: 10.32s | Macro-F1: 100.0% | Seller: 100.0% | Total: 100.0% | Item-R: 100.0%
[611/1166] supermarket_bachhoaxanh_train_096.png | Latency: 12.32s | Macro-F1: 100.0% | Seller: 100.0% | Total: 100.0% | Item-R: 100.0%
[612/1166] minimart_anan_val_426.png | Latency: 11.06s | Macro-F1: 100.0% | Seller: 100.0% | Total: 100.0% | Item-R: 100.0%
[613/1166] supermarket_bachhoaxanh_train_465.png | Latency: 7.69s | Macro-F1: 100.0% | Seller: 100.0% | Total: 100.0% | Item-R: 100.0%
[614/1166] cafe_highlands_train_448.png | Latency: 10.22s | Macro-F1: 87.5% | Seller: 100.0% | Total: 100.0% | Item-R: 100.0%
[615/1166] restaurant_kfc_2026-07-10T18-33-00-230Z_ubjfi.jpg | Latency: 10.1s | Macro-F1: 100.0% | Seller: 100.0% | Total: 100.0% | Item-R: 100.0%
[616/1166] supermarket_lotte_2026-07-06T07-49-40-192Z_huiyn.jpeg | Latency: 9.74s | Macro-F1: 80.0% | Seller: 100.0% | Total: 100.0% | Item-R: 100.0%
[617/1166] supermarket_winmart_2026-07-10T19-24-24-954Z_a74gc.jpg | Latency: 29.74s | Macro-F1: 0.0% | Seller: 0.0% | Total: 0.0% | Item-R: 0.0%
[618/1166] einvoice_viettel_train_151.png | Latency: 8.37s | Macro-F1: 91.7% | Seller: 100.0% | Total: 100.0% | Item-R: 100.0%
[619/1166] z7981213567661_7ad3f7298c1c552022cd2dd53f286d7b.jpg | Latency: 11.78s | Macro-F1: 100.0% | Seller: 100.0% | Total: 100.0% | Item-R: 100.0%
[620/1166] cafe_phuclong_train_088.png | Latency: 6.64s | Macro-F1: 87.5% | Seller: 100.0% | Total: 100.0% | Item-R: 100.0%
[621/1166] minimart_anan_train_172.png | Latency: 5.94s | Macro-F1: 100.0% | Seller: 100.0% | Total: 100.0% | Item-R: 100.0%
[622/1166] cafe_phuclong_val_161.png | Latency: 6.64s | Macro-F1: 87.5% | Seller: 100.0% | Total: 100.0% | Item-R: 100.0%
[623/1166] cafe_highlands_train_352.png | Latency: 7.59s | Macro-F1: 37.5% | Seller: 100.0% | Total: 100.0% | Item-R: 0.0%
[624/1166] convenience_gs25_train_030.png | Latency: 10.13s | Macro-F1: 100.0% | Seller: 100.0% | Total: 100.0% | Item-R: 100.0%
[625/1166] restaurant_kfc_train_018.png | Latency: 7.12s | Macro-F1: 100.0% | Seller: 100.0% | Total: 100.0% | Item-R: 100.0%
[626/1166] cafe_starbucks_train_048.png | Latency: 9.64s | Macro-F1: 87.5% | Seller: 100.0% | Total: 100.0% | Item-R: 100.0%
[627/1166] cafe_phuclong_train_145.png | Latency: 8.83s | Macro-F1: 87.5% | Seller: 100.0% | Total: 100.0% | Item-R: 100.0%
[628/1166] einvoice_viettel_train_071.png | Latency: 8.23s | Macro-F1: 100.0% | Seller: 100.0% | Total: 100.0% | Item-R: 100.0%
[629/1166] minimart_anan_train_540.png | Latency: 5.56s | Macro-F1: 100.0% | Seller: 100.0% | Total: 100.0% | Item-R: 100.0%
[630/1166] z7978993502151_8021d287a553c638066e98f92d4d0de5.jpg | Latency: 9.94s | Macro-F1: 100.0% | Seller: 100.0% | Total: 100.0% | Item-R: 100.0%
[631/1166] cafe_starbucks_val_157.png | Latency: 6.11s | Macro-F1: 87.5% | Seller: 100.0% | Total: 100.0% | Item-R: 100.0%
[632/1166] supermarket_bachhoaxanh_val_417.png | Latency: 6.03s | Macro-F1: 100.0% | Seller: 100.0% | Total: 100.0% | Item-R: 100.0%
[633/1166] 20260620_173206.jpg | Latency: 9.9s | Macro-F1: 91.1% | Seller: 100.0% | Total: 100.0% | Item-R: 100.0%
[634/1166] restaurant_jollibee_train_374.png | Latency: 7.32s | Macro-F1: 100.0% | Seller: 100.0% | Total: 100.0% | Item-R: 100.0%
[635/1166] supermarket_lotte_2026-07-06T07-50-50-737Z_vtbvz.jpeg | Latency: 6.64s | Macro-F1: 75.0% | Seller: 100.0% | Total: 100.0% | Item-R: 100.0%
[636/1166] convenience_7eleven_train_336.png | Latency: 8.48s | Macro-F1: 75.0% | Seller: 100.0% | Total: 100.0% | Item-R: 100.0%
[637/1166] convenience_7eleven_val_011.png | Latency: 9.51s | Macro-F1: 75.0% | Seller: 100.0% | Total: 100.0% | Item-R: 100.0%
[638/1166] restaurant_jollibee_train_431.png | Latency: 5.66s | Macro-F1: 100.0% | Seller: 100.0% | Total: 100.0% | Item-R: 100.0%
[639/1166] convenience_7eleven_train_614.png | Latency: 4.71s | Macro-F1: 62.5% | Seller: 100.0% | Total: 100.0% | Item-R: 50.0%
[640/1166] cafe_phuclong_train_431.png | Latency: 7.65s | Macro-F1: 87.5% | Seller: 100.0% | Total: 100.0% | Item-R: 100.0%
[641/1166] restaurant_jollibee_val_025.png | Latency: 7.24s | Macro-F1: 100.0% | Seller: 100.0% | Total: 100.0% | Item-R: 100.0%
[642/1166] cafe_phuclong_2026-07-06T07-36-56-558Z_pm9zbt.jpeg | Latency: 9.3s | Macro-F1: 87.5% | Seller: 100.0% | Total: 100.0% | Item-R: 100.0%
[643/1166] convenience_gs25_train_192.png | Latency: 5.82s | Macro-F1: 100.0% | Seller: 100.0% | Total: 100.0% | Item-R: 100.0%
[644/1166] minimart_anan_train_464.png | Latency: 7.17s | Macro-F1: 100.0% | Seller: 100.0% | Total: 100.0% | Item-R: 100.0%
[645/1166] supermarket_lotte_train_045.png | Latency: 13.21s | Macro-F1: 100.0% | Seller: 100.0% | Total: 100.0% | Item-R: 100.0%
[646/1166] supermarket_lotte_train_350.png | Latency: 8.16s | Macro-F1: 100.0% | Seller: 100.0% | Total: 100.0% | Item-R: 100.0%
[647/1166] restaurant_kfc_train_595.png | Latency: 5.59s | Macro-F1: 100.0% | Seller: 100.0% | Total: 100.0% | Item-R: 100.0%
[648/1166] receipt_c45_bb_val_562.png | Latency: 3.21s | Macro-F1: 100.0% | Seller: 100.0% | Total: 100.0% | Item-R: 100.0%
[649/1166] convenience_gs25_train_176.png | Latency: 11.32s | Macro-F1: 100.0% | Seller: 100.0% | Total: 100.0% | Item-R: 100.0%
[650/1166] cafe_starbucks_train_619.png | Latency: 8.36s | Macro-F1: 87.5% | Seller: 100.0% | Total: 100.0% | Item-R: 100.0%
[651/1166] convenience_7eleven_train_004.png | Latency: 4.71s | Macro-F1: 75.0% | Seller: 100.0% | Total: 100.0% | Item-R: 100.0%
[652/1166] convenience_circlek_val_556.png | Latency: 10.25s | Macro-F1: 100.0% | Seller: 100.0% | Total: 100.0% | Item-R: 100.0%
[653/1166] cafe_highlands_train_175.png | Latency: 9.02s | Macro-F1: 87.5% | Seller: 100.0% | Total: 100.0% | Item-R: 100.0%
[654/1166] convenience_circlek_train_095.png | Latency: 9.96s | Macro-F1: 95.0% | Seller: 100.0% | Total: 100.0% | Item-R: 100.0%
[655/1166] supermarket_bachhoaxanh_train_484.png | Latency: 7.54s | Macro-F1: 100.0% | Seller: 100.0% | Total: 100.0% | Item-R: 100.0%
[656/1166] supermarket_bachhoaxanh_train_174.png | Latency: 6.03s | Macro-F1: 100.0% | Seller: 100.0% | Total: 100.0% | Item-R: 100.0%
[657/1166] minimart_anan_train_169.png | Latency: 9.83s | Macro-F1: 100.0% | Seller: 100.0% | Total: 100.0% | Item-R: 100.0%
[658/1166] minimart_anan_train_428.png | Latency: 11.55s | Macro-F1: 91.7% | Seller: 100.0% | Total: 100.0% | Item-R: 100.0%
[659/1166] einvoice_viettel_train_187.png | Latency: 9.87s | Macro-F1: 100.0% | Seller: 100.0% | Total: 100.0% | Item-R: 100.0%
[660/1166] restaurant_kfc_train_237.png | Latency: 10.99s | Macro-F1: 100.0% | Seller: 100.0% | Total: 100.0% | Item-R: 100.0%
[661/1166] convenience_7eleven_val_015.png | Latency: 8.24s | Macro-F1: 75.0% | Seller: 100.0% | Total: 100.0% | Item-R: 100.0%
[662/1166] supermarket_lotte_train_493.png | Latency: 13.19s | Macro-F1: 95.8% | Seller: 100.0% | Total: 100.0% | Item-R: 100.0%
[663/1166] convenience_circlek_train_352.png | Latency: 7.0s | Macro-F1: 100.0% | Seller: 100.0% | Total: 100.0% | Item-R: 100.0%
[664/1166] supermarket_bachhoaxanh_val_147.png | Latency: 10.41s | Macro-F1: 100.0% | Seller: 100.0% | Total: 100.0% | Item-R: 100.0%
[665/1166] einvoice_vnpt_train_459.png | Latency: 6.73s | Macro-F1: 100.0% | Seller: 100.0% | Total: 100.0% | Item-R: 100.0%
[666/1166] cafe_phuclong_train_614.png | Latency: 6.62s | Macro-F1: 62.5% | Seller: 100.0% | Total: 0.0% | Item-R: 100.0%
[667/1166] cafe_starbucks_train_580.png | Latency: 7.25s | Macro-F1: 87.5% | Seller: 100.0% | Total: 100.0% | Item-R: 100.0%
[668/1166] receipt_c45_bb_train_538.png | Latency: 3.38s | Macro-F1: 100.0% | Seller: 100.0% | Total: 100.0% | Item-R: 100.0%
[669/1166] restaurant_jollibee_train_271.png | Latency: 5.75s | Macro-F1: 100.0% | Seller: 100.0% | Total: 100.0% | Item-R: 100.0%
[670/1166] convenience_circlek_val_549.png | Latency: 6.99s | Macro-F1: 100.0% | Seller: 100.0% | Total: 100.0% | Item-R: 100.0%
[671/1166] convenience_gs25_train_508.png | Latency: 5.61s | Macro-F1: 100.0% | Seller: 100.0% | Total: 100.0% | Item-R: 100.0%
[672/1166] einvoice_viettel_train_214.png | Latency: 11.15s | Macro-F1: 87.5% | Seller: 100.0% | Total: 100.0% | Item-R: 100.0%
[673/1166] convenience_circlek_train_460.png | Latency: 10.02s | Macro-F1: 100.0% | Seller: 100.0% | Total: 100.0% | Item-R: 100.0%
[674/1166] convenience_7eleven_train_071.png | Latency: 7.06s | Macro-F1: 75.0% | Seller: 100.0% | Total: 100.0% | Item-R: 100.0%
[675/1166] convenience_gs25_val_553.png | Latency: 11.64s | Macro-F1: 95.8% | Seller: 100.0% | Total: 100.0% | Item-R: 100.0%
[676/1166] convenience_gs25_train_078.png | Latency: 8.71s | Macro-F1: 100.0% | Seller: 100.0% | Total: 100.0% | Item-R: 100.0%
[677/1166] convenience_circlek_val_269.png | Latency: 8.64s | Macro-F1: 93.8% | Seller: 100.0% | Total: 100.0% | Item-R: 100.0%
[678/1166] supermarket_bachhoaxanh_train_192.png | Latency: 10.54s | Macro-F1: 100.0% | Seller: 100.0% | Total: 100.0% | Item-R: 100.0%
[679/1166] convenience_7eleven_train_014.png | Latency: 9.51s | Macro-F1: 75.0% | Seller: 100.0% | Total: 100.0% | Item-R: 100.0%
[680/1166] convenience_gs25_train_351.png | Latency: 11.41s | Macro-F1: 100.0% | Seller: 100.0% | Total: 100.0% | Item-R: 100.0%
[681/1166] z7979915010993_6316374dcf4b57f60f08aa431fc9edbb.jpg | Latency: 3.58s | Macro-F1: 87.5% | Seller: 100.0% | Total: 100.0% | Item-R: 0.0%
[682/1166] restaurant_kfc_train_504.png | Latency: 5.68s | Macro-F1: 100.0% | Seller: 100.0% | Total: 100.0% | Item-R: 100.0%
[683/1166] cafe_starbucks_train_289.png | Latency: 6.13s | Macro-F1: 87.5% | Seller: 100.0% | Total: 100.0% | Item-R: 100.0%
[684/1166] supermarket_bachhoaxanh_train_451.png | Latency: 10.21s | Macro-F1: 100.0% | Seller: 100.0% | Total: 100.0% | Item-R: 100.0%
[685/1166] supermarket_bachhoaxanh_val_416.png | Latency: 10.56s | Macro-F1: 100.0% | Seller: 100.0% | Total: 100.0% | Item-R: 100.0%
[686/1166] einvoice_viettel_train_596.png | Latency: 11.26s | Macro-F1: 100.0% | Seller: 100.0% | Total: 100.0% | Item-R: 100.0%
[687/1166] supermarket_bachhoaxanh_train_363.png | Latency: 10.59s | Macro-F1: 100.0% | Seller: 100.0% | Total: 100.0% | Item-R: 100.0%
[688/1166] restaurant_jollibee_2026-07-06T07-16-53-690Z_gz1rq.jpeg | Latency: 10.17s | Macro-F1: 75.0% | Seller: 100.0% | Total: 0.0% | Item-R: 100.0%
[689/1166] cafe_highlands_train_606.png | Latency: 5.45s | Macro-F1: 87.5% | Seller: 100.0% | Total: 100.0% | Item-R: 100.0%
[690/1166] restaurant_jollibee_train_208.png | Latency: 10.26s | Macro-F1: 100.0% | Seller: 100.0% | Total: 100.0% | Item-R: 100.0%
[691/1166] cafe_phuclong_train_162.png | Latency: 10.29s | Macro-F1: 87.5% | Seller: 100.0% | Total: 100.0% | Item-R: 100.0%
[692/1166] restaurant_kfc_2026-07-10T18-28-56-822Z_domkak.jpg | Latency: 11.41s | Macro-F1: 87.5% | Seller: 100.0% | Total: 100.0% | Item-R: 100.0%
[693/1166] minimart_anan_val_409.png | Latency: 5.85s | Macro-F1: 100.0% | Seller: 100.0% | Total: 100.0% | Item-R: 100.0%
[694/1166] supermarket_lotte_2026-07-06T07-43-55-278Z_22let.jpeg | Latency: 6.73s | Macro-F1: 87.5% | Seller: 100.0% | Total: 100.0% | Item-R: 100.0%
[695/1166] cafe_phuclong_train_051.png | Latency: 8.86s | Macro-F1: 87.5% | Seller: 100.0% | Total: 100.0% | Item-R: 100.0%
[696/1166] receipt_c45_bb_train_550.png | Latency: 3.36s | Macro-F1: 100.0% | Seller: 100.0% | Total: 100.0% | Item-R: 100.0%
[697/1166] receipt_c45_bb_train_100.png | Latency: 3.16s | Macro-F1: 100.0% | Seller: 100.0% | Total: 100.0% | Item-R: 100.0%
[698/1166] receipt_c45_bb_train_082.png | Latency: 3.2s | Macro-F1: 100.0% | Seller: 100.0% | Total: 100.0% | Item-R: 100.0%
[699/1166] einvoice_viettel_train_601.png | Latency: 9.75s | Macro-F1: 100.0% | Seller: 100.0% | Total: 100.0% | Item-R: 100.0%
[700/1166] supermarket_lotte_train_635.png | Latency: 11.4s | Macro-F1: 100.0% | Seller: 100.0% | Total: 100.0% | Item-R: 100.0%
[701/1166] z7979431381270_97dfd9a0de0bd126be4d1b0eb7623bff.jpg | Latency: 3.45s | Macro-F1: 87.5% | Seller: 100.0% | Total: 100.0% | Item-R: 0.0%
[702/1166] supermarket_bachhoaxanh_train_491.png | Latency: 10.57s | Macro-F1: 100.0% | Seller: 100.0% | Total: 100.0% | Item-R: 100.0%
[703/1166] cafe_phuclong_train_423.png | Latency: 5.31s | Macro-F1: 87.5% | Seller: 100.0% | Total: 100.0% | Item-R: 100.0%
[704/1166] restaurant_jollibee_train_544.png | Latency: 10.13s | Macro-F1: 100.0% | Seller: 100.0% | Total: 100.0% | Item-R: 100.0%
[705/1166] supermarket_winmart_val_016.png | Latency: 7.25s | Macro-F1: 100.0% | Seller: 100.0% | Total: 100.0% | Item-R: 100.0%
[706/1166] restaurant_jollibee_train_095.png | Latency: 10.25s | Macro-F1: 100.0% | Seller: 100.0% | Total: 100.0% | Item-R: 100.0%
[707/1166] convenience_circlek_train_639.png | Latency: 5.46s | Macro-F1: 100.0% | Seller: 100.0% | Total: 100.0% | Item-R: 100.0%
[708/1166] supermarket_bachhoaxanh_train_373.png | Latency: 6.32s | Macro-F1: 100.0% | Seller: 100.0% | Total: 100.0% | Item-R: 100.0%
[709/1166] supermarket_bachhoaxanh_2026-06-28T08-20-28-960Z_8og8pa.jpeg | Latency: 12.09s | Macro-F1: 87.5% | Seller: 100.0% | Total: 100.0% | Item-R: 100.0%
[710/1166] einvoice_vnpt_train_181.png | Latency: 9.9s | Macro-F1: 100.0% | Seller: 100.0% | Total: 100.0% | Item-R: 100.0%
[711/1166] convenience_gs25_train_068.png | Latency: 5.79s | Macro-F1: 100.0% | Seller: 100.0% | Total: 100.0% | Item-R: 100.0%
[712/1166] cafe_highlands_val_011.png | Latency: 5.56s | Macro-F1: 87.5% | Seller: 100.0% | Total: 100.0% | Item-R: 100.0%
[713/1166] supermarket_lotte_train_218.png | Latency: 8.18s | Macro-F1: 100.0% | Seller: 100.0% | Total: 100.0% | Item-R: 100.0%
[714/1166] minimart_anan_train_282.png | Latency: 10.06s | Macro-F1: 100.0% | Seller: 100.0% | Total: 100.0% | Item-R: 100.0%
[715/1166] receipt_c45_bb_train_598.png | Latency: 3.38s | Macro-F1: 100.0% | Seller: 100.0% | Total: 100.0% | Item-R: 100.0%
[716/1166] restaurant_jollibee_train_455.png | Latency: 5.68s | Macro-F1: 100.0% | Seller: 100.0% | Total: 100.0% | Item-R: 100.0%
[717/1166] convenience_circlek_train_539.png | Latency: 7.23s | Macro-F1: 100.0% | Seller: 100.0% | Total: 100.0% | Item-R: 100.0%
[718/1166] cafe_highlands_train_046.png | Latency: 8.98s | Macro-F1: 87.5% | Seller: 100.0% | Total: 100.0% | Item-R: 100.0%
[719/1166] restaurant_jollibee_val_149.png | Latency: 9.99s | Macro-F1: 100.0% | Seller: 100.0% | Total: 100.0% | Item-R: 100.0%
[720/1166] minimart_anan_train_542.png | Latency: 5.59s | Macro-F1: 100.0% | Seller: 100.0% | Total: 100.0% | Item-R: 100.0%
[721/1166] convenience_gs25_train_334.png | Latency: 11.57s | Macro-F1: 95.8% | Seller: 100.0% | Total: 100.0% | Item-R: 100.0%
[722/1166] convenience_7eleven_train_432.png | Latency: 4.85s | Macro-F1: 75.0% | Seller: 100.0% | Total: 100.0% | Item-R: 100.0%
[723/1166] cafe_phuclong_val_414.png | Latency: 5.34s | Macro-F1: 87.5% | Seller: 100.0% | Total: 100.0% | Item-R: 100.0%
[724/1166] restaurant_kfc_train_163.png | Latency: 6.87s | Macro-F1: 100.0% | Seller: 100.0% | Total: 100.0% | Item-R: 100.0%
[725/1166] receipt_c45_bb_train_498.png | Latency: 3.27s | Macro-F1: 100.0% | Seller: 100.0% | Total: 100.0% | Item-R: 100.0%
[726/1166] cafe_phuclong_train_225.png | Latency: 10.15s | Macro-F1: 87.5% | Seller: 100.0% | Total: 100.0% | Item-R: 100.0%
[727/1166] einvoice_vnpt_train_611.png | Latency: 8.15s | Macro-F1: 100.0% | Seller: 100.0% | Total: 100.0% | Item-R: 100.0%
[728/1166] convenience_circlek_train_637.png | Latency: 5.8s | Macro-F1: 100.0% | Seller: 100.0% | Total: 100.0% | Item-R: 100.0%
[729/1166] supermarket_lotte_train_191.png | Latency: 13.17s | Macro-F1: 100.0% | Seller: 100.0% | Total: 100.0% | Item-R: 100.0%
[730/1166] supermarket_bachhoaxanh_train_099.png | Latency: 11.86s | Macro-F1: 100.0% | Seller: 100.0% | Total: 100.0% | Item-R: 100.0%
[731/1166] minimart_anan_train_642.png | Latency: 7.08s | Macro-F1: 100.0% | Seller: 100.0% | Total: 100.0% | Item-R: 100.0%
[732/1166] convenience_gs25_train_138.png | Latency: 10.37s | Macro-F1: 100.0% | Seller: 100.0% | Total: 100.0% | Item-R: 100.0%
[733/1166] supermarket_bachhoaxanh_val_010.png | Latency: 6.03s | Macro-F1: 100.0% | Seller: 100.0% | Total: 100.0% | Item-R: 100.0%
[734/1166] convenience_circlek_train_548.png | Latency: 7.54s | Macro-F1: 100.0% | Seller: 100.0% | Total: 100.0% | Item-R: 100.0%
[735/1166] supermarket_lotte_train_485.png | Latency: 9.76s | Macro-F1: 100.0% | Seller: 100.0% | Total: 100.0% | Item-R: 100.0%
[736/1166] receipt_c45_bb_val_560.png | Latency: 3.13s | Macro-F1: 100.0% | Seller: 100.0% | Total: 100.0% | Item-R: 100.0%
[737/1166] supermarket_lotte_2026-07-06T07-45-00-295Z_wppyeq.jpeg | Latency: 8.42s | Macro-F1: 75.0% | Seller: 100.0% | Total: 0.0% | Item-R: 100.0%
[738/1166] minimart_anan_train_215.png | Latency: 6.05s | Macro-F1: 100.0% | Seller: 100.0% | Total: 100.0% | Item-R: 100.0%
[739/1166] cafe_highlands_train_193.png | Latency: 10.42s | Macro-F1: 87.5% | Seller: 100.0% | Total: 100.0% | Item-R: 100.0%
[740/1166] supermarket_lotte_2026-07-06T07-49-26-277Z_rxh95.jpeg | Latency: 8.07s | Macro-F1: 75.0% | Seller: 100.0% | Total: 100.0% | Item-R: 100.0%
[741/1166] supermarket_winmart_train_306.png | Latency: 6.0s | Macro-F1: 100.0% | Seller: 100.0% | Total: 100.0% | Item-R: 100.0%
[742/1166] restaurant_kfc_train_223.png | Latency: 7.09s | Macro-F1: 100.0% | Seller: 100.0% | Total: 100.0% | Item-R: 100.0%
[743/1166] supermarket_bachhoaxanh_train_309.png | Latency: 8.81s | Macro-F1: 100.0% | Seller: 100.0% | Total: 100.0% | Item-R: 100.0%
[744/1166] einvoice_vnpt_val_422.png | Latency: 11.57s | Macro-F1: 92.5% | Seller: 100.0% | Total: 100.0% | Item-R: 100.0%
[745/1166] minimart_anan_train_084.png | Latency: 8.4s | Macro-F1: 100.0% | Seller: 100.0% | Total: 100.0% | Item-R: 100.0%
[746/1166] supermarket_winmart_train_098.png | Latency: 6.03s | Macro-F1: 100.0% | Seller: 100.0% | Total: 100.0% | Item-R: 100.0%
[747/1166] convenience_gs25_train_452.png | Latency: 8.56s | Macro-F1: 100.0% | Seller: 100.0% | Total: 100.0% | Item-R: 100.0%
[748/1166] minimart_anan_train_544.png | Latency: 11.19s | Macro-F1: 100.0% | Seller: 100.0% | Total: 100.0% | Item-R: 100.0%
[749/1166] einvoice_viettel_val_418.png | Latency: 8.15s | Macro-F1: 100.0% | Seller: 100.0% | Total: 100.0% | Item-R: 100.0%
[750/1166] receipt_c45_bb_train_562.png | Latency: 3.24s | Macro-F1: 100.0% | Seller: 100.0% | Total: 100.0% | Item-R: 100.0%
[751/1166] convenience_7eleven_train_301.png | Latency: 8.43s | Macro-F1: 75.0% | Seller: 100.0% | Total: 100.0% | Item-R: 100.0%
[752/1166] restaurant_kfc_2026-07-10T18-28-54-262Z_jd7scg.jpg | Latency: 6.23s | Macro-F1: 100.0% | Seller: 100.0% | Total: 100.0% | Item-R: 100.0%
[753/1166] z7981213751378_e5ebd57c7a108bf7dbee71b1e8569bf8.jpg | Latency: 8.74s | Macro-F1: 100.0% | Seller: 100.0% | Total: 100.0% | Item-R: 100.0%
[754/1166] supermarket_bachhoaxanh_train_563.png | Latency: 6.29s | Macro-F1: 100.0% | Seller: 100.0% | Total: 100.0% | Item-R: 100.0%
[755/1166] supermarket_lotte_train_176.png | Latency: 9.86s | Macro-F1: 100.0% | Seller: 100.0% | Total: 100.0% | Item-R: 100.0%
[756/1166] supermarket_bachhoaxanh_train_321.png | Latency: 9.46s | Macro-F1: 100.0% | Seller: 100.0% | Total: 100.0% | Item-R: 100.0%
[757/1166] receipt_c45_bb_train_208.png | Latency: 3.37s | Macro-F1: 100.0% | Seller: 100.0% | Total: 100.0% | Item-R: 100.0%
[758/1166] supermarket_bachhoaxanh_train_590.png | Latency: 10.13s | Macro-F1: 100.0% | Seller: 100.0% | Total: 100.0% | Item-R: 100.0%
[759/1166] supermarket_lotte_val_408.png | Latency: 6.48s | Macro-F1: 100.0% | Seller: 100.0% | Total: 100.0% | Item-R: 100.0%
[760/1166] convenience_circlek_train_020.png | Latency: 9.94s | Macro-F1: 100.0% | Seller: 100.0% | Total: 100.0% | Item-R: 100.0%
[761/1166] restaurant_jollibee_train_031.png | Latency: 8.78s | Macro-F1: 100.0% | Seller: 100.0% | Total: 100.0% | Item-R: 100.0%
[762/1166] convenience_circlek_2026-07-04T12-55-11-839Z_gdyk2.jpg | Latency: 8.31s | Macro-F1: 73.2% | Seller: 100.0% | Total: 100.0% | Item-R: 100.0%
[763/1166] minimart_anan_train_166.png | Latency: 8.68s | Macro-F1: 100.0% | Seller: 100.0% | Total: 100.0% | Item-R: 100.0%
[764/1166] supermarket_lotte_train_195.png | Latency: 13.06s | Macro-F1: 100.0% | Seller: 100.0% | Total: 100.0% | Item-R: 100.0%
[765/1166] restaurant_kfc_val_555.png | Latency: 7.02s | Macro-F1: 100.0% | Seller: 100.0% | Total: 100.0% | Item-R: 100.0%
[766/1166] minimart_anan_train_583.png | Latency: 6.87s | Macro-F1: 100.0% | Seller: 100.0% | Total: 100.0% | Item-R: 100.0%
[767/1166] restaurant_jollibee_2026-07-06T07-15-17-796Z_5ajqrs.jpeg | Latency: 6.31s | Macro-F1: 87.5% | Seller: 100.0% | Total: 100.0% | Item-R: 100.0%
[768/1166] cafe_starbucks_train_056.png | Latency: 8.5s | Macro-F1: 87.5% | Seller: 100.0% | Total: 100.0% | Item-R: 100.0%
[769/1166] cafe_phuclong_train_185.png | Latency: 10.2s | Macro-F1: 87.5% | Seller: 100.0% | Total: 100.0% | Item-R: 100.0%
[770/1166] restaurant_jollibee_train_284.png | Latency: 5.9s | Macro-F1: 100.0% | Seller: 100.0% | Total: 100.0% | Item-R: 100.0%
[771/1166] z7979227078423_6802f5fd4324b81837a017b98358cd63.jpg | Latency: 11.66s | Macro-F1: 100.0% | Seller: 100.0% | Total: 100.0% | Item-R: 100.0%
[772/1166] cafe_starbucks_val_278.png | Latency: 5.1s | Macro-F1: 87.5% | Seller: 100.0% | Total: 100.0% | Item-R: 100.0%
[773/1166] einvoice_vnpt_val_273.png | Latency: 11.4s | Macro-F1: 87.5% | Seller: 100.0% | Total: 0.0% | Item-R: 100.0%
[774/1166] z7979227119144_4bda47d294264f2d74acac432aa23974.jpg | Latency: 11.63s | Macro-F1: 100.0% | Seller: 100.0% | Total: 100.0% | Item-R: 100.0%
[775/1166] supermarket_bachhoaxanh_train_562.png | Latency: 11.81s | Macro-F1: 100.0% | Seller: 100.0% | Total: 100.0% | Item-R: 100.0%
[776/1166] cafe_phuclong_val_022.png | Latency: 7.88s | Macro-F1: 87.5% | Seller: 100.0% | Total: 100.0% | Item-R: 100.0%
[777/1166] restaurant_jollibee_val_418.png | Latency: 8.93s | Macro-F1: 100.0% | Seller: 100.0% | Total: 100.0% | Item-R: 100.0%
[778/1166] z7981213794960_8effc66c8c462ec3f0e008d9e760fd69.jpg | Latency: 11.95s | Macro-F1: 100.0% | Seller: 100.0% | Total: 100.0% | Item-R: 100.0%
[779/1166] supermarket_winmart_2026-07-10T19-24-29-356Z_50c5vc.jpg | Latency: 6.9s | Macro-F1: 62.5% | Seller: 41.4% | Total: 100.0% | Item-R: 100.0%
[780/1166] supermarket_winmart_train_086.png | Latency: 11.62s | Macro-F1: 100.0% | Seller: 100.0% | Total: 100.0% | Item-R: 100.0%
[781/1166] supermarket_bachhoaxanh_2026-06-28T08-18-34-902Z_9bmibl.jpeg | Latency: 6.68s | Macro-F1: 100.0% | Seller: 100.0% | Total: 100.0% | Item-R: 100.0%
[782/1166] convenience_gs25_train_145.png | Latency: 5.8s | Macro-F1: 100.0% | Seller: 100.0% | Total: 100.0% | Item-R: 100.0%
[783/1166] cafe_starbucks_train_042.png | Latency: 6.21s | Macro-F1: 87.5% | Seller: 100.0% | Total: 100.0% | Item-R: 100.0%
[784/1166] supermarket_lotte_train_553.png | Latency: 12.95s | Macro-F1: 100.0% | Seller: 100.0% | Total: 100.0% | Item-R: 100.0%
[785/1166] minimart_anan_val_407.png | Latency: 5.83s | Macro-F1: 100.0% | Seller: 100.0% | Total: 100.0% | Item-R: 100.0%
[786/1166] cafe_phuclong_train_236.png | Latency: 10.39s | Macro-F1: 87.5% | Seller: 100.0% | Total: 100.0% | Item-R: 100.0%
[787/1166] supermarket_bachhoaxanh_train_223.png | Latency: 5.89s | Macro-F1: 100.0% | Seller: 100.0% | Total: 100.0% | Item-R: 100.0%
[788/1166] supermarket_winmart_2026-07-10T19-22-04-769Z_u4q0l4.jpg | Latency: 8.84s | Macro-F1: 73.6% | Seller: 100.0% | Total: 100.0% | Item-R: 100.0%
[789/1166] convenience_7eleven_2026-07-04T13-35-08-326Z_e5e7ey.jpg | Latency: 5.61s | Macro-F1: 75.0% | Seller: 100.0% | Total: 100.0% | Item-R: 100.0%
[790/1166] restaurant_jollibee_train_049.png | Latency: 10.43s | Macro-F1: 100.0% | Seller: 100.0% | Total: 100.0% | Item-R: 100.0%
[791/1166] cafe_starbucks_val_544.png | Latency: 7.32s | Macro-F1: 87.5% | Seller: 100.0% | Total: 100.0% | Item-R: 100.0%
[792/1166] supermarket_lotte_train_469.png | Latency: 8.26s | Macro-F1: 100.0% | Seller: 100.0% | Total: 100.0% | Item-R: 100.0%
[793/1166] einvoice_vnpt_train_543.png | Latency: 8.66s | Macro-F1: 100.0% | Seller: 100.0% | Total: 100.0% | Item-R: 100.0%
[794/1166] supermarket_winmart_train_177.png | Latency: 5.82s | Macro-F1: 100.0% | Seller: 100.0% | Total: 100.0% | Item-R: 100.0%
[795/1166] einvoice_viettel_train_301.png | Latency: 10.08s | Macro-F1: 100.0% | Seller: 100.0% | Total: 100.0% | Item-R: 100.0%
[796/1166] supermarket_lotte_train_351.png | Latency: 9.72s | Macro-F1: 100.0% | Seller: 100.0% | Total: 100.0% | Item-R: 100.0%
[797/1166] supermarket_winmart_train_351.png | Latency: 6.16s | Macro-F1: 100.0% | Seller: 100.0% | Total: 100.0% | Item-R: 100.0%
[798/1166] receipt_c45_bb_train_428.png | Latency: 3.46s | Macro-F1: 100.0% | Seller: 100.0% | Total: 100.0% | Item-R: 100.0%
[799/1166] z7981210350070_4cb5b8f986e943967cae25e628bb0b5d.jpg | Latency: 7.27s | Macro-F1: 100.0% | Seller: 100.0% | Total: 100.0% | Item-R: 100.0%
[800/1166] einvoice_vnpt_val_425.png | Latency: 11.65s | Macro-F1: 100.0% | Seller: 100.0% | Total: 100.0% | Item-R: 100.0%
[801/1166] z7981206128792_ff44d1838954b0b9837b463dfff7c4ee.jpg | Latency: 11.65s | Macro-F1: 100.0% | Seller: 100.0% | Total: 100.0% | Item-R: 100.0%
[802/1166] supermarket_bachhoaxanh_train_341.png | Latency: 10.94s | Macro-F1: 100.0% | Seller: 100.0% | Total: 100.0% | Item-R: 100.0%
[803/1166] restaurant_kfc_train_429.png | Latency: 5.58s | Macro-F1: 100.0% | Seller: 100.0% | Total: 100.0% | Item-R: 100.0%
[804/1166] restaurant_kfc_train_433.png | Latency: 9.64s | Macro-F1: 100.0% | Seller: 100.0% | Total: 100.0% | Item-R: 100.0%
[805/1166] convenience_7eleven_train_492.png | Latency: 4.9s | Macro-F1: 75.0% | Seller: 100.0% | Total: 100.0% | Item-R: 100.0%
[806/1166] minimart_anan_val_024.png | Latency: 5.68s | Macro-F1: 100.0% | Seller: 100.0% | Total: 100.0% | Item-R: 100.0%
[807/1166] restaurant_jollibee_train_072.png | Latency: 10.13s | Macro-F1: 100.0% | Seller: 100.0% | Total: 100.0% | Item-R: 100.0%
[808/1166] convenience_circlek_train_586.png | Latency: 8.63s | Macro-F1: 100.0% | Seller: 100.0% | Total: 100.0% | Item-R: 100.0%
[809/1166] supermarket_winmart_train_232.png | Latency: 7.35s | Macro-F1: 83.3% | Seller: 100.0% | Total: 100.0% | Item-R: 66.7%
[810/1166] restaurant_kfc_val_275.png | Latency: 6.84s | Macro-F1: 100.0% | Seller: 100.0% | Total: 100.0% | Item-R: 100.0%
[811/1166] convenience_gs25_train_237.png | Latency: 7.22s | Macro-F1: 100.0% | Seller: 80.0% | Total: 100.0% | Item-R: 100.0%
[812/1166] supermarket_winmart_2026-07-10T19-23-17-270Z_hoh1xw.jpg | Latency: 11.49s | Macro-F1: 78.0% | Seller: 92.9% | Total: 100.0% | Item-R: 100.0%
[813/1166] restaurant_jollibee_val_287.png | Latency: 7.17s | Macro-F1: 100.0% | Seller: 100.0% | Total: 100.0% | Item-R: 100.0%
[814/1166] cafe_highlands_train_538.png | Latency: 5.42s | Macro-F1: 87.5% | Seller: 100.0% | Total: 100.0% | Item-R: 100.0%
[815/1166] convenience_circlek_2026-07-04T12-56-19-627Z_rdbpy.jpg | Latency: 9.35s | Macro-F1: 84.7% | Seller: 100.0% | Total: 100.0% | Item-R: 100.0%
[816/1166] cafe_highlands_train_182.png | Latency: 6.56s | Macro-F1: 87.5% | Seller: 100.0% | Total: 100.0% | Item-R: 100.0%
[817/1166] convenience_7eleven_train_209.png | Latency: 9.58s | Macro-F1: 75.0% | Seller: 100.0% | Total: 100.0% | Item-R: 100.0%
[818/1166] convenience_gs25_val_426.png | Latency: 10.31s | Macro-F1: 100.0% | Seller: 100.0% | Total: 100.0% | Item-R: 100.0%
[819/1166] receipt_c45_bb_train_294.png | Latency: 3.21s | Macro-F1: 100.0% | Seller: 100.0% | Total: 100.0% | Item-R: 100.0%
[820/1166] convenience_circlek_2026-07-04T12-57-55-038Z_0k3y2l.jpg | Latency: 5.83s | Macro-F1: 75.0% | Seller: 100.0% | Total: 100.0% | Item-R: 100.0%
[821/1166] convenience_circlek_train_202.png | Latency: 7.11s | Macro-F1: 100.0% | Seller: 100.0% | Total: 100.0% | Item-R: 100.0%
[822/1166] cafe_highlands_train_590.png | Latency: 9.22s | Macro-F1: 87.5% | Seller: 100.0% | Total: 100.0% | Item-R: 100.0%
[823/1166] cafe_phuclong_train_194.png | Latency: 8.67s | Macro-F1: 87.5% | Seller: 100.0% | Total: 100.0% | Item-R: 100.0%
[824/1166] z7978993323022_55092a87c64711357a1900257d9f09be.jpg | Latency: 11.46s | Macro-F1: 100.0% | Seller: 100.0% | Total: 100.0% | Item-R: 100.0%
[825/1166] cafe_phuclong_2026-07-06T07-34-28-872Z_6v4cl8.jpeg | Latency: 5.71s | Macro-F1: 75.0% | Seller: 100.0% | Total: 100.0% | Item-R: 100.0%
[826/1166] supermarket_lotte_train_576.png | Latency: 11.38s | Macro-F1: 100.0% | Seller: 100.0% | Total: 100.0% | Item-R: 100.0%
[827/1166] supermarket_lotte_2026-07-06T07-44-31-868Z_2cjybk.jpeg | Latency: 10.22s | Macro-F1: 94.6% | Seller: 100.0% | Total: 100.0% | Item-R: 100.0%
[828/1166] restaurant_kfc_train_541.png | Latency: 9.84s | Macro-F1: 100.0% | Seller: 100.0% | Total: 100.0% | Item-R: 100.0%
[829/1166] supermarket_bachhoaxanh_val_563.png | Latency: 6.49s | Macro-F1: 100.0% | Seller: 100.0% | Total: 100.0% | Item-R: 100.0%
[830/1166] convenience_circlek_train_027.png | Latency: 5.69s | Macro-F1: 100.0% | Seller: 100.0% | Total: 100.0% | Item-R: 100.0%
[831/1166] supermarket_lotte_train_030.png | Latency: 6.68s | Macro-F1: 100.0% | Seller: 100.0% | Total: 100.0% | Item-R: 100.0%
[832/1166] supermarket_lotte_2026-07-06T07-44-15-325Z_bygtm.jpeg | Latency: 13.27s | Macro-F1: 83.3% | Seller: 100.0% | Total: 100.0% | Item-R: 100.0%
[833/1166] restaurant_jollibee_train_275.png | Latency: 7.15s | Macro-F1: 100.0% | Seller: 100.0% | Total: 100.0% | Item-R: 100.0%
[834/1166] receipt_c45_bb_val_553.png | Latency: 3.12s | Macro-F1: 100.0% | Seller: 100.0% | Total: 100.0% | Item-R: 100.0%
[835/1166] restaurant_kfc_train_333.png | Latency: 8.31s | Macro-F1: 100.0% | Seller: 100.0% | Total: 100.0% | Item-R: 100.0%
[836/1166] cafe_highlands_val_538.png | Latency: 8.85s | Macro-F1: 87.5% | Seller: 100.0% | Total: 100.0% | Item-R: 100.0%
[837/1166] receipt_c45_bb_train_485.png | Latency: 3.5s | Macro-F1: 100.0% | Seller: 100.0% | Total: 100.0% | Item-R: 100.0%
[838/1166] supermarket_lotte_train_564.png | Latency: 8.07s | Macro-F1: 100.0% | Seller: 100.0% | Total: 100.0% | Item-R: 100.0%
[839/1166] z7979432490250_ea520949d1977fe2df5bc89b49e4599b.jpg | Latency: 3.69s | Macro-F1: 100.0% | Seller: 100.0% | Total: 100.0% | Item-R: 100.0%
[840/1166] supermarket_bachhoaxanh_val_277.png | Latency: 5.95s | Macro-F1: 100.0% | Seller: 100.0% | Total: 100.0% | Item-R: 100.0%
[841/1166] convenience_gs25_train_174.png | Latency: 5.96s | Macro-F1: 100.0% | Seller: 100.0% | Total: 100.0% | Item-R: 100.0%
[842/1166] restaurant_jollibee_train_240.png | Latency: 10.18s | Macro-F1: 100.0% | Seller: 100.0% | Total: 100.0% | Item-R: 100.0%
[843/1166] receipt_c45_bb_train_464.png | Latency: 3.18s | Macro-F1: 100.0% | Seller: 100.0% | Total: 100.0% | Item-R: 100.0%
[844/1166] supermarket_winmart_train_601.png | Latency: 8.61s | Macro-F1: 100.0% | Seller: 100.0% | Total: 100.0% | Item-R: 100.0%
[845/1166] einvoice_vnpt_train_271.png | Latency: 10.35s | Macro-F1: 100.0% | Seller: 100.0% | Total: 100.0% | Item-R: 100.0%
[846/1166] cafe_starbucks_val_276.png | Latency: 5.26s | Macro-F1: 87.5% | Seller: 100.0% | Total: 100.0% | Item-R: 100.0%
[847/1166] cafe_highlands_train_405.png | Latency: 5.56s | Macro-F1: 87.5% | Seller: 100.0% | Total: 100.0% | Item-R: 100.0%
[848/1166] restaurant_kfc_train_419.png | Latency: 8.61s | Macro-F1: 100.0% | Seller: 100.0% | Total: 100.0% | Item-R: 100.0%
[849/1166] receipt_c45_bb_train_459.png | Latency: 3.17s | Macro-F1: 100.0% | Seller: 100.0% | Total: 100.0% | Item-R: 100.0%
[850/1166] restaurant_kfc_val_007.png | Latency: 6.93s | Macro-F1: 100.0% | Seller: 100.0% | Total: 100.0% | Item-R: 100.0%
[851/1166] cafe_highlands_2026-07-06T06-57-15-192Z_g7ltwd.jpeg | Latency: 7.0s | Macro-F1: 87.5% | Seller: 100.0% | Total: 100.0% | Item-R: 100.0%
[852/1166] supermarket_winmart_train_234.png | Latency: 10.27s | Macro-F1: 100.0% | Seller: 100.0% | Total: 100.0% | Item-R: 100.0%
[853/1166] cafe_highlands_train_093.png | Latency: 10.25s | Macro-F1: 85.4% | Seller: 100.0% | Total: 100.0% | Item-R: 100.0%
[854/1166] einvoice_viettel_val_145.png | Latency: 9.97s | Macro-F1: 100.0% | Seller: 100.0% | Total: 100.0% | Item-R: 100.0%
[855/1166] restaurant_jollibee_2026-07-06T07-15-19-976Z_mdw3fu.jpeg | Latency: 8.74s | Macro-F1: 87.5% | Seller: 100.0% | Total: 100.0% | Item-R: 100.0%
[856/1166] supermarket_bachhoaxanh_val_550.png | Latency: 10.41s | Macro-F1: 100.0% | Seller: 100.0% | Total: 100.0% | Item-R: 100.0%
[857/1166] cafe_starbucks_train_567.png | Latency: 6.09s | Macro-F1: 87.5% | Seller: 100.0% | Total: 100.0% | Item-R: 100.0%
[858/1166] cafe_starbucks_train_607.png | Latency: 5.08s | Macro-F1: 87.5% | Seller: 100.0% | Total: 100.0% | Item-R: 100.0%
[859/1166] convenience_7eleven_train_013.png | Latency: 4.86s | Macro-F1: 75.0% | Seller: 100.0% | Total: 100.0% | Item-R: 100.0%
[860/1166] receipt_c45_bb_train_048.png | Latency: 3.43s | Macro-F1: 100.0% | Seller: 100.0% | Total: 100.0% | Item-R: 100.0%
[861/1166] supermarket_winmart_val_271.png | Latency: 9.86s | Macro-F1: 70.0% | Seller: 100.0% | Total: 100.0% | Item-R: 80.0%
[862/1166] supermarket_lotte_val_290.png | Latency: 8.32s | Macro-F1: 91.7% | Seller: 100.0% | Total: 100.0% | Item-R: 100.0%
[863/1166] convenience_gs25_val_405.png | Latency: 8.86s | Macro-F1: 100.0% | Seller: 100.0% | Total: 100.0% | Item-R: 100.0%
[864/1166] receipt_c45_bb_train_490.png | Latency: 3.21s | Macro-F1: 100.0% | Seller: 100.0% | Total: 100.0% | Item-R: 100.0%
[865/1166] einvoice_vnpt_train_633.png | Latency: 8.51s | Macro-F1: 100.0% | Seller: 100.0% | Total: 100.0% | Item-R: 100.0%
[866/1166] restaurant_kfc_train_567.png | Latency: 11.14s | Macro-F1: 100.0% | Seller: 100.0% | Total: 100.0% | Item-R: 100.0%
[867/1166] minimart_anan_val_553.png | Latency: 11.33s | Macro-F1: 100.0% | Seller: 100.0% | Total: 100.0% | Item-R: 100.0%
[868/1166] convenience_gs25_train_170.png | Latency: 8.89s | Macro-F1: 100.0% | Seller: 100.0% | Total: 100.0% | Item-R: 100.0%
[869/1166] supermarket_lotte_train_569.png | Latency: 6.33s | Macro-F1: 87.5% | Seller: 100.0% | Total: 100.0% | Item-R: 100.0%
[870/1166] z7981213540003_a2a064b9607f76c5640513af7c167ffa.jpg | Latency: 11.83s | Macro-F1: 100.0% | Seller: 100.0% | Total: 100.0% | Item-R: 100.0%
[871/1166] restaurant_kfc_val_429.png | Latency: 11.0s | Macro-F1: 100.0% | Seller: 100.0% | Total: 100.0% | Item-R: 100.0%
[872/1166] convenience_7eleven_val_407.png | Latency: 4.59s | Macro-F1: 75.0% | Seller: 100.0% | Total: 100.0% | Item-R: 100.0%
[873/1166] restaurant_kfc_val_560.png | Latency: 9.76s | Macro-F1: 100.0% | Seller: 100.0% | Total: 100.0% | Item-R: 100.0%
[874/1166] convenience_gs25_train_273.png | Latency: 7.38s | Macro-F1: 100.0% | Seller: 100.0% | Total: 100.0% | Item-R: 100.0%
[875/1166] restaurant_kfc_2026-07-10T18-30-02-750Z_l34q5rh.jpg | Latency: 6.15s | Macro-F1: 100.0% | Seller: 100.0% | Total: 100.0% | Item-R: 100.0%
[876/1166] supermarket_lotte_train_572.png | Latency: 11.78s | Macro-F1: 100.0% | Seller: 100.0% | Total: 100.0% | Item-R: 100.0%
[877/1166] restaurant_kfc_train_135.png | Latency: 5.66s | Macro-F1: 100.0% | Seller: 100.0% | Total: 100.0% | Item-R: 100.0%
[878/1166] einvoice_viettel_val_027.png | Latency: 9.78s | Macro-F1: 100.0% | Seller: 100.0% | Total: 100.0% | Item-R: 100.0%
[879/1166] convenience_circlek_train_075.png | Latency: 10.2s | Macro-F1: 95.0% | Seller: 100.0% | Total: 100.0% | Item-R: 100.0%
[880/1166] supermarket_bachhoaxanh_val_547.png | Latency: 5.94s | Macro-F1: 100.0% | Seller: 100.0% | Total: 100.0% | Item-R: 100.0%
[881/1166] receipt_c45_bb_val_558.png | Latency: 3.34s | Macro-F1: 100.0% | Seller: 100.0% | Total: 100.0% | Item-R: 100.0%
[882/1166] supermarket_winmart_train_018.png | Latency: 11.63s | Macro-F1: 100.0% | Seller: 100.0% | Total: 100.0% | Item-R: 100.0%
[883/1166] cafe_phuclong_train_483.png | Latency: 8.99s | Macro-F1: 87.5% | Seller: 100.0% | Total: 100.0% | Item-R: 100.0%
[884/1166] supermarket_bachhoaxanh_val_407.png | Latency: 10.84s | Macro-F1: 100.0% | Seller: 100.0% | Total: 100.0% | Item-R: 100.0%
[885/1166] minimart_anan_train_298.png | Latency: 9.03s | Macro-F1: 100.0% | Seller: 100.0% | Total: 100.0% | Item-R: 100.0%
[886/1166] convenience_gs25_val_549.png | Latency: 8.73s | Macro-F1: 100.0% | Seller: 100.0% | Total: 100.0% | Item-R: 100.0%
[887/1166] convenience_7eleven_train_365.png | Latency: 9.6s | Macro-F1: 75.0% | Seller: 100.0% | Total: 100.0% | Item-R: 100.0%
[888/1166] einvoice_vnpt_val_009.png | Latency: 11.62s | Macro-F1: 100.0% | Seller: 100.0% | Total: 100.0% | Item-R: 100.0%
[889/1166] supermarket_lotte_2026-07-06T07-49-33-018Z_a856w.jpeg | Latency: 11.97s | Macro-F1: 87.5% | Seller: 100.0% | Total: 100.0% | Item-R: 100.0%
[890/1166] supermarket_bachhoaxanh_train_438.png | Latency: 7.84s | Macro-F1: 100.0% | Seller: 100.0% | Total: 100.0% | Item-R: 100.0%
[891/1166] restaurant_kfc_train_480.png | Latency: 5.68s | Macro-F1: 100.0% | Seller: 100.0% | Total: 100.0% | Item-R: 100.0%
[892/1166] restaurant_kfc_val_292.png | Latency: 8.64s | Macro-F1: 100.0% | Seller: 100.0% | Total: 100.0% | Item-R: 100.0%
[893/1166] cafe_phuclong_train_461.png | Latency: 5.42s | Macro-F1: 87.5% | Seller: 100.0% | Total: 100.0% | Item-R: 100.0%
[894/1166] supermarket_winmart_train_607.png | Latency: 10.25s | Macro-F1: 100.0% | Seller: 100.0% | Total: 100.0% | Item-R: 100.0%
[895/1166] restaurant_jollibee_train_003.png | Latency: 10.11s | Macro-F1: 100.0% | Seller: 100.0% | Total: 100.0% | Item-R: 100.0%
[896/1166] convenience_gs25_train_415.png | Latency: 10.29s | Macro-F1: 100.0% | Seller: 100.0% | Total: 100.0% | Item-R: 100.0%
[897/1166] minimart_anan_train_344.png | Latency: 10.14s | Macro-F1: 100.0% | Seller: 100.0% | Total: 100.0% | Item-R: 100.0%
[898/1166] convenience_circlek_val_541.png | Latency: 5.79s | Macro-F1: 100.0% | Seller: 100.0% | Total: 100.0% | Item-R: 100.0%
[899/1166] minimart_anan_train_080.png | Latency: 9.82s | Macro-F1: 100.0% | Seller: 100.0% | Total: 100.0% | Item-R: 100.0%
[900/1166] restaurant_jollibee_val_021.png | Latency: 5.79s | Macro-F1: 100.0% | Seller: 100.0% | Total: 100.0% | Item-R: 100.0%
[901/1166] convenience_gs25_train_324.png | Latency: 11.51s | Macro-F1: 100.0% | Seller: 100.0% | Total: 100.0% | Item-R: 100.0%
[902/1166] einvoice_vnpt_train_580.png | Latency: 11.51s | Macro-F1: 100.0% | Seller: 100.0% | Total: 100.0% | Item-R: 100.0%
[903/1166] restaurant_kfc_train_642.png | Latency: 8.21s | Macro-F1: 100.0% | Seller: 100.0% | Total: 100.0% | Item-R: 100.0%
[904/1166] convenience_gs25_val_412.png | Latency: 7.43s | Macro-F1: 100.0% | Seller: 100.0% | Total: 100.0% | Item-R: 100.0%
[905/1166] restaurant_jollibee_train_055.png | Latency: 10.32s | Macro-F1: 100.0% | Seller: 100.0% | Total: 100.0% | Item-R: 100.0%
[906/1166] restaurant_kfc_train_136.png | Latency: 9.68s | Macro-F1: 100.0% | Seller: 100.0% | Total: 100.0% | Item-R: 100.0%
[907/1166] cafe_highlands_2026-07-06T07-00-25-248Z_f50qhb.jpeg | Latency: 8.45s | Macro-F1: 87.5% | Seller: 100.0% | Total: 100.0% | Item-R: 100.0%
[908/1166] cafe_highlands_train_621.png | Latency: 6.63s | Macro-F1: 87.5% | Seller: 100.0% | Total: 100.0% | Item-R: 100.0%
[909/1166] convenience_gs25_train_194.png | Latency: 8.92s | Macro-F1: 100.0% | Seller: 100.0% | Total: 100.0% | Item-R: 100.0%
[910/1166] cafe_starbucks_2026-06-27T10-52-12-467Z_carnt.jpg | Latency: 9.81s | Macro-F1: 87.5% | Seller: 100.0% | Total: 100.0% | Item-R: 100.0%
[911/1166] 20260620_173256.jpg | Latency: 11.63s | Macro-F1: 100.0% | Seller: 100.0% | Total: 100.0% | Item-R: 100.0%
[912/1166] restaurant_kfc_train_623.png | Latency: 11.01s | Macro-F1: 100.0% | Seller: 100.0% | Total: 100.0% | Item-R: 100.0%
[913/1166] minimart_anan_train_426.png | Latency: 5.75s | Macro-F1: 100.0% | Seller: 100.0% | Total: 100.0% | Item-R: 100.0%
[914/1166] convenience_7eleven_val_540.png | Latency: 9.6s | Macro-F1: 75.0% | Seller: 100.0% | Total: 100.0% | Item-R: 100.0%
[915/1166] einvoice_viettel_train_622.png | Latency: 11.38s | Macro-F1: 100.0% | Seller: 100.0% | Total: 100.0% | Item-R: 100.0%
[916/1166] receipt_c45_bb_train_430.png | Latency: 3.19s | Macro-F1: 100.0% | Seller: 100.0% | Total: 100.0% | Item-R: 100.0%
[917/1166] cafe_highlands_train_607.png | Latency: 8.12s | Macro-F1: 84.4% | Seller: 100.0% | Total: 100.0% | Item-R: 100.0%
[918/1166] einvoice_vnpt_train_585.png | Latency: 11.27s | Macro-F1: 100.0% | Seller: 100.0% | Total: 100.0% | Item-R: 100.0%
[919/1166] convenience_circlek_train_576.png | Latency: 8.61s | Macro-F1: 100.0% | Seller: 100.0% | Total: 100.0% | Item-R: 100.0%
[920/1166] supermarket_lotte_2026-07-06T07-45-50-695Z_k269vt.jpeg | Latency: 13.33s | Macro-F1: 90.3% | Seller: 100.0% | Total: 100.0% | Item-R: 100.0%
[921/1166] einvoice_vnpt_train_105.png | Latency: 11.53s | Macro-F1: 100.0% | Seller: 100.0% | Total: 100.0% | Item-R: 100.0%
[922/1166] supermarket_bachhoaxanh_train_095.png | Latency: 10.39s | Macro-F1: 100.0% | Seller: 100.0% | Total: 100.0% | Item-R: 100.0%
[923/1166] minimart_anan_train_015.png | Latency: 7.07s | Macro-F1: 100.0% | Seller: 100.0% | Total: 100.0% | Item-R: 100.0%
[924/1166] einvoice_vnpt_train_235.png | Latency: 11.5s | Macro-F1: 100.0% | Seller: 100.0% | Total: 100.0% | Item-R: 100.0%
[925/1166] cafe_starbucks_2026-06-27T10-57-03-502Z_mcdvfk.jpg | Latency: 7.25s | Macro-F1: 87.5% | Seller: 100.0% | Total: 100.0% | Item-R: 100.0%
[926/1166] cafe_highlands_2026-07-06T06-59-53-295Z_rtq7je.jpeg | Latency: 8.42s | Macro-F1: 78.1% | Seller: 100.0% | Total: 100.0% | Item-R: 100.0%
[927/1166] convenience_circlek_train_370.png | Latency: 5.73s | Macro-F1: 100.0% | Seller: 100.0% | Total: 100.0% | Item-R: 100.0%
[928/1166] einvoice_viettel_train_603.png | Latency: 9.54s | Macro-F1: 100.0% | Seller: 100.0% | Total: 100.0% | Item-R: 100.0%
[929/1166] cafe_starbucks_val_411.png | Latency: 8.35s | Macro-F1: 87.5% | Seller: 100.0% | Total: 100.0% | Item-R: 100.0%
[930/1166] cafe_phuclong_train_098.png | Latency: 7.77s | Macro-F1: 87.5% | Seller: 100.0% | Total: 100.0% | Item-R: 100.0%
[931/1166] cafe_phuclong_train_327.png | Latency: 5.43s | Macro-F1: 87.5% | Seller: 100.0% | Total: 100.0% | Item-R: 100.0%
[932/1166] supermarket_bachhoaxanh_train_351.png | Latency: 6.29s | Macro-F1: 100.0% | Seller: 100.0% | Total: 100.0% | Item-R: 100.0%
[933/1166] einvoice_viettel_train_007.png | Latency: 9.64s | Macro-F1: 100.0% | Seller: 100.0% | Total: 100.0% | Item-R: 100.0%
[934/1166] restaurant_jollibee_2026-07-06T07-16-47-593Z_2zkvvq.jpeg | Latency: 8.8s | Macro-F1: 62.5% | Seller: 100.0% | Total: 100.0% | Item-R: 100.0%
[935/1166] minimart_anan_train_619.png | Latency: 10.04s | Macro-F1: 100.0% | Seller: 100.0% | Total: 100.0% | Item-R: 100.0%
[936/1166] minimart_anan_train_365.png | Latency: 5.71s | Macro-F1: 100.0% | Seller: 100.0% | Total: 100.0% | Item-R: 100.0%
[937/1166] restaurant_jollibee_val_002.png | Latency: 8.62s | Macro-F1: 100.0% | Seller: 100.0% | Total: 100.0% | Item-R: 100.0%
[938/1166] restaurant_kfc_train_614.png | Latency: 7.12s | Macro-F1: 100.0% | Seller: 100.0% | Total: 100.0% | Item-R: 100.0%
[939/1166] cafe_phuclong_val_273.png | Latency: 10.13s | Macro-F1: 87.5% | Seller: 100.0% | Total: 100.0% | Item-R: 100.0%
[940/1166] supermarket_winmart_train_052.png | Latency: 6.15s | Macro-F1: 100.0% | Seller: 100.0% | Total: 100.0% | Item-R: 100.0%
[941/1166] restaurant_jollibee_val_414.png | Latency: 8.95s | Macro-F1: 87.5% | Seller: 100.0% | Total: 100.0% | Item-R: 100.0%
[942/1166] minimart_anan_train_414.png | Latency: 7.26s | Macro-F1: 100.0% | Seller: 100.0% | Total: 100.0% | Item-R: 100.0%
[943/1166] cafe_starbucks_2026-06-27T10-56-23-156Z_2ctch9.jpg | Latency: 6.93s | Macro-F1: 87.5% | Seller: 100.0% | Total: 100.0% | Item-R: 100.0%
[944/1166] convenience_gs25_train_623.png | Latency: 11.42s | Macro-F1: 100.0% | Seller: 100.0% | Total: 100.0% | Item-R: 100.0%
[945/1166] einvoice_vnpt_val_558.png | Latency: 11.83s | Macro-F1: 100.0% | Seller: 100.0% | Total: 100.0% | Item-R: 100.0%
[946/1166] receipt_c45_bb_train_342.png | Latency: 3.15s | Macro-F1: 100.0% | Seller: 100.0% | Total: 100.0% | Item-R: 100.0%
[947/1166] einvoice_vnpt_train_566.png | Latency: 11.85s | Macro-F1: 100.0% | Seller: 100.0% | Total: 100.0% | Item-R: 100.0%
[948/1166] cafe_highlands_2026-07-06T06-56-59-356Z_z6xax.jpeg | Latency: 6.08s | Macro-F1: 75.0% | Seller: 95.7% | Total: 100.0% | Item-R: 100.0%
[949/1166] convenience_circlek_2026-07-04T12-55-41-229Z_y21nn.jpg | Latency: 8.17s | Macro-F1: 73.2% | Seller: 100.0% | Total: 100.0% | Item-R: 100.0%
[950/1166] convenience_7eleven_train_055.png | Latency: 7.08s | Macro-F1: 75.0% | Seller: 100.0% | Total: 100.0% | Item-R: 100.0%
[951/1166] cafe_highlands_train_207.png | Latency: 10.13s | Macro-F1: 87.5% | Seller: 100.0% | Total: 100.0% | Item-R: 100.0%
[952/1166] supermarket_lotte_train_306.png | Latency: 13.01s | Macro-F1: 100.0% | Seller: 100.0% | Total: 100.0% | Item-R: 100.0%
[953/1166] cafe_highlands_train_237.png | Latency: 6.58s | Macro-F1: 87.5% | Seller: 100.0% | Total: 100.0% | Item-R: 100.0%
[954/1166] cafe_starbucks_train_002.png | Latency: 7.34s | Macro-F1: 87.5% | Seller: 100.0% | Total: 100.0% | Item-R: 100.0%
[955/1166] convenience_circlek_train_239.png | Latency: 7.25s | Macro-F1: 100.0% | Seller: 100.0% | Total: 100.0% | Item-R: 100.0%
[956/1166] supermarket_winmart_train_477.png | Latency: 5.7s | Macro-F1: 56.2% | Seller: 100.0% | Total: 100.0% | Item-R: 50.0%
[957/1166] einvoice_vnpt_train_217.png | Latency: 11.38s | Macro-F1: 100.0% | Seller: 100.0% | Total: 100.0% | Item-R: 100.0%
[958/1166] restaurant_jollibee_2026-07-06T07-14-54-451Z_luuoz7.jpeg | Latency: 5.88s | Macro-F1: 75.0% | Seller: 100.0% | Total: 100.0% | Item-R: 100.0%
[959/1166] receipt_c45_bb_val_541.png | Latency: 3.32s | Macro-F1: 100.0% | Seller: 100.0% | Total: 100.0% | Item-R: 100.0%
[960/1166] einvoice_vnpt_train_368.png | Latency: 10.11s | Macro-F1: 100.0% | Seller: 100.0% | Total: 100.0% | Item-R: 100.0%
[961/1166] convenience_7eleven_val_549.png | Latency: 8.36s | Macro-F1: 75.0% | Seller: 100.0% | Total: 100.0% | Item-R: 100.0%
[962/1166] cafe_phuclong_train_074.png | Latency: 10.03s | Macro-F1: 87.5% | Seller: 100.0% | Total: 100.0% | Item-R: 100.0%
[963/1166] convenience_circlek_2026-07-04T12-56-50-962Z_ieufx.jpg | Latency: 8.26s | Macro-F1: 83.9% | Seller: 100.0% | Total: 100.0% | Item-R: 100.0%
[964/1166] einvoice_viettel_train_348.png | Latency: 9.71s | Macro-F1: 100.0% | Seller: 100.0% | Total: 100.0% | Item-R: 100.0%
[965/1166] convenience_7eleven_train_410.png | Latency: 5.96s | Macro-F1: 75.0% | Seller: 100.0% | Total: 100.0% | Item-R: 100.0%
[966/1166] minimart_anan_train_312.png | Latency: 9.75s | Macro-F1: 100.0% | Seller: 100.0% | Total: 100.0% | Item-R: 100.0%
[967/1166] supermarket_lotte_train_217.png | Latency: 6.19s | Macro-F1: 100.0% | Seller: 100.0% | Total: 100.0% | Item-R: 100.0%
[968/1166] supermarket_bachhoaxanh_train_578.png | Latency: 10.44s | Macro-F1: 100.0% | Seller: 100.0% | Total: 100.0% | Item-R: 100.0%
[969/1166] z7979900672073_f2f65ae8c333a56addda7d4ce093db20.jpg | Latency: 3.69s | Macro-F1: 100.0% | Seller: 100.0% | Total: 100.0% | Item-R: 100.0%
[970/1166] cafe_highlands_train_187.png | Latency: 6.67s | Macro-F1: 87.5% | Seller: 100.0% | Total: 100.0% | Item-R: 100.0%
[971/1166] receipt_c45_bb_train_470.png | Latency: 3.16s | Macro-F1: 100.0% | Seller: 100.0% | Total: 100.0% | Item-R: 100.0%
[972/1166] restaurant_kfc_train_232.png | Latency: 6.89s | Macro-F1: 100.0% | Seller: 100.0% | Total: 100.0% | Item-R: 100.0%
[973/1166] convenience_gs25_2026-07-10T18-58-40-444Z_kc5ows.jpg | Latency: 8.93s | Macro-F1: 71.9% | Seller: 100.0% | Total: 100.0% | Item-R: 100.0%
[974/1166] einvoice_vnpt_val_146.png | Latency: 6.54s | Macro-F1: 87.5% | Seller: 100.0% | Total: 100.0% | Item-R: 100.0%
[975/1166] supermarket_lotte_2026-07-06T07-51-43-101Z_bz3j8p.jpeg | Latency: 11.62s | Macro-F1: 46.1% | Seller: 100.0% | Total: 0.0% | Item-R: 100.0%
[976/1166] convenience_gs25_val_002.png | Latency: 9.99s | Macro-F1: 100.0% | Seller: 100.0% | Total: 100.0% | Item-R: 100.0%
[977/1166] supermarket_lotte_train_632.png | Latency: 12.94s | Macro-F1: 93.8% | Seller: 100.0% | Total: 100.0% | Item-R: 100.0%
[978/1166] restaurant_kfc_train_585.png | Latency: 9.84s | Macro-F1: 100.0% | Seller: 100.0% | Total: 100.0% | Item-R: 100.0%
[979/1166] receipt_c45_bb_train_158.png | Latency: 3.36s | Macro-F1: 100.0% | Seller: 100.0% | Total: 100.0% | Item-R: 100.0%
[980/1166] cafe_phuclong_val_553.png | Latency: 10.07s | Macro-F1: 87.5% | Seller: 100.0% | Total: 100.0% | Item-R: 100.0%
[981/1166] supermarket_lotte_train_631.png | Latency: 8.13s | Macro-F1: 79.2% | Seller: 100.0% | Total: 100.0% | Item-R: 100.0%
[982/1166] minimart_anan_train_358.png | Latency: 5.8s | Macro-F1: 100.0% | Seller: 100.0% | Total: 100.0% | Item-R: 100.0%
[983/1166] cafe_phuclong_train_104.png | Latency: 10.2s | Macro-F1: 87.5% | Seller: 100.0% | Total: 100.0% | Item-R: 100.0%
[984/1166] convenience_gs25_train_617.png | Latency: 8.65s | Macro-F1: 100.0% | Seller: 100.0% | Total: 100.0% | Item-R: 100.0%
[985/1166] restaurant_kfc_val_562.png | Latency: 5.72s | Macro-F1: 100.0% | Seller: 100.0% | Total: 100.0% | Item-R: 100.0%
[986/1166] convenience_circlek_train_426.png | Latency: 11.73s | Macro-F1: 100.0% | Seller: 100.0% | Total: 100.0% | Item-R: 100.0%
[987/1166] convenience_gs25_train_038.png | Latency: 10.52s | Macro-F1: 100.0% | Seller: 100.0% | Total: 100.0% | Item-R: 100.0%
[988/1166] convenience_circlek_val_026.png | Latency: 10.13s | Macro-F1: 100.0% | Seller: 100.0% | Total: 100.0% | Item-R: 100.0%
[989/1166] einvoice_vnpt_train_050.png | Latency: 8.41s | Macro-F1: 100.0% | Seller: 100.0% | Total: 100.0% | Item-R: 100.0%
[990/1166] einvoice_viettel_train_194.png | Latency: 11.47s | Macro-F1: 100.0% | Seller: 100.0% | Total: 100.0% | Item-R: 100.0%
[991/1166] minimart_anan_train_300.png | Latency: 9.92s | Macro-F1: 100.0% | Seller: 100.0% | Total: 100.0% | Item-R: 100.0%
[992/1166] convenience_circlek_train_565.png | Latency: 10.18s | Macro-F1: 100.0% | Seller: 100.0% | Total: 100.0% | Item-R: 100.0%
[993/1166] convenience_circlek_train_464.png | Latency: 5.91s | Macro-F1: 100.0% | Seller: 100.0% | Total: 100.0% | Item-R: 100.0%
[994/1166] cafe_highlands_train_065.png | Latency: 10.47s | Macro-F1: 87.5% | Seller: 100.0% | Total: 100.0% | Item-R: 100.0%
[995/1166] convenience_gs25_val_010.png | Latency: 11.53s | Macro-F1: 100.0% | Seller: 100.0% | Total: 100.0% | Item-R: 100.0%
[996/1166] restaurant_jollibee_train_624.png | Latency: 6.0s | Macro-F1: 100.0% | Seller: 100.0% | Total: 100.0% | Item-R: 100.0%
[997/1166] convenience_7eleven_val_284.png | Latency: 7.34s | Macro-F1: 62.5% | Seller: 100.0% | Total: 0.0% | Item-R: 100.0%
[998/1166] einvoice_viettel_train_200.png | Latency: 7.0s | Macro-F1: 100.0% | Seller: 100.0% | Total: 100.0% | Item-R: 100.0%
[999/1166] receipt_c45_bb_train_586.png | Latency: 3.16s | Macro-F1: 100.0% | Seller: 100.0% | Total: 100.0% | Item-R: 100.0%
[1000/1166] z7979915087641_f487f3b2ce9672878e9f0ef061e63659.jpg | Latency: 3.49s | Macro-F1: 87.5% | Seller: 100.0% | Total: 100.0% | Item-R: 0.0%
[1001/1166] cafe_phuclong_val_419.png | Latency: 7.55s | Macro-F1: 87.5% | Seller: 100.0% | Total: 100.0% | Item-R: 100.0%
[1002/1166] cafe_starbucks_train_543.png | Latency: 6.32s | Macro-F1: 87.5% | Seller: 100.0% | Total: 100.0% | Item-R: 100.0%
[1003/1166] supermarket_lotte_train_041.png | Latency: 12.89s | Macro-F1: 100.0% | Seller: 100.0% | Total: 100.0% | Item-R: 100.0%
[1004/1166] convenience_circlek_train_019.png | Latency: 5.73s | Macro-F1: 100.0% | Seller: 100.0% | Total: 100.0% | Item-R: 100.0%
[1005/1166] supermarket_winmart_train_085.png | Latency: 8.65s | Macro-F1: 100.0% | Seller: 100.0% | Total: 100.0% | Item-R: 100.0%
[1006/1166] convenience_gs25_2026-07-10T18-59-56-526Z_alpfu8.jpg | Latency: 7.48s | Macro-F1: 75.0% | Seller: 100.0% | Total: 0.0% | Item-R: 100.0%
[1007/1166] supermarket_lotte_2026-07-06T07-45-26-212Z_jyg7ki.jpeg | Latency: 7.11s | Macro-F1: 87.5% | Seller: 100.0% | Total: 100.0% | Item-R: 100.0%
[1008/1166] restaurant_kfc_train_068.png | Latency: 8.38s | Macro-F1: 100.0% | Seller: 100.0% | Total: 100.0% | Item-R: 100.0%
[1009/1166] supermarket_bachhoaxanh_val_422.png | Latency: 12.09s | Macro-F1: 100.0% | Seller: 100.0% | Total: 100.0% | Item-R: 100.0%
[1010/1166] convenience_gs25_2026-07-10T18-51-54-834Z_an1ti4.jpg | Latency: 9.18s | Macro-F1: 75.0% | Seller: 100.0% | Total: 100.0% | Item-R: 100.0%
[1011/1166] cafe_phuclong_train_084.png | Latency: 6.52s | Macro-F1: 87.5% | Seller: 100.0% | Total: 100.0% | Item-R: 100.0%
[1012/1166] restaurant_jollibee_train_409.png | Latency: 6.1s | Macro-F1: 100.0% | Seller: 100.0% | Total: 100.0% | Item-R: 100.0%
[1013/1166] einvoice_viettel_train_282.png | Latency: 11.56s | Macro-F1: 100.0% | Seller: 100.0% | Total: 100.0% | Item-R: 100.0%
[1014/1166] convenience_7eleven_train_481.png | Latency: 7.04s | Macro-F1: 75.0% | Seller: 100.0% | Total: 100.0% | Item-R: 100.0%
[1015/1166] cafe_phuclong_train_373.png | Latency: 6.75s | Macro-F1: 75.0% | Seller: 100.0% | Total: 100.0% | Item-R: 100.0%
[1016/1166] supermarket_bachhoaxanh_val_003.png | Latency: 7.73s | Macro-F1: 100.0% | Seller: 100.0% | Total: 100.0% | Item-R: 100.0%
[1017/1166] supermarket_winmart_train_427.png | Latency: 10.42s | Macro-F1: 100.0% | Seller: 100.0% | Total: 100.0% | Item-R: 100.0%
[1018/1166] restaurant_kfc_train_451.png | Latency: 9.68s | Macro-F1: 100.0% | Seller: 100.0% | Total: 100.0% | Item-R: 100.0%
[1019/1166] convenience_7eleven_train_089.png | Latency: 4.91s | Macro-F1: 75.0% | Seller: 100.0% | Total: 100.0% | Item-R: 100.0%
[1020/1166] convenience_gs25_2026-07-10T18-59-45-980Z_lxm9pj.jpg | Latency: 11.38s | Macro-F1: 85.4% | Seller: 100.0% | Total: 100.0% | Item-R: 100.0%
[1021/1166] receipt_c45_bb_train_239.png | Latency: 3.2s | Macro-F1: 100.0% | Seller: 100.0% | Total: 100.0% | Item-R: 100.0%
[1022/1166] restaurant_jollibee_train_619.png | Latency: 8.89s | Macro-F1: 100.0% | Seller: 100.0% | Total: 100.0% | Item-R: 100.0%
[1023/1166] supermarket_bachhoaxanh_train_302.png | Latency: 10.48s | Macro-F1: 100.0% | Seller: 100.0% | Total: 100.0% | Item-R: 100.0%
[1024/1166] receipt_c45_bb_train_593.png | Latency: 3.15s | Macro-F1: 100.0% | Seller: 100.0% | Total: 100.0% | Item-R: 100.0%
[1025/1166] receipt_c45_bb_train_281.png | Latency: 3.25s | Macro-F1: 100.0% | Seller: 100.0% | Total: 100.0% | Item-R: 100.0%
[1026/1166] cafe_highlands_train_552.png | Latency: 10.38s | Macro-F1: 87.5% | Seller: 100.0% | Total: 100.0% | Item-R: 100.0%
[1027/1166] einvoice_viettel_val_291.png | Latency: 8.27s | Macro-F1: 100.0% | Seller: 100.0% | Total: 100.0% | Item-R: 100.0%
[1028/1166] restaurant_kfc_val_407.png | Latency: 9.75s | Macro-F1: 100.0% | Seller: 100.0% | Total: 100.0% | Item-R: 100.0%
[1029/1166] minimart_anan_train_354.png | Latency: 7.04s | Macro-F1: 100.0% | Seller: 100.0% | Total: 100.0% | Item-R: 100.0%
[1030/1166] einvoice_viettel_train_616.png | Latency: 9.84s | Macro-F1: 100.0% | Seller: 100.0% | Total: 100.0% | Item-R: 100.0%
[1031/1166] supermarket_lotte_train_180.png | Latency: 12.7s | Macro-F1: 100.0% | Seller: 100.0% | Total: 100.0% | Item-R: 100.0%
[1032/1166] restaurant_kfc_val_289.png | Latency: 9.68s | Macro-F1: 100.0% | Seller: 100.0% | Total: 100.0% | Item-R: 100.0%
[1033/1166] cafe_starbucks_2026-06-27T11-01-26-844Z_0ad1cq.jpg | Latency: 9.67s | Macro-F1: 47.5% | Seller: 100.0% | Total: 100.0% | Item-R: 100.0%
[1034/1166] convenience_gs25_train_544.png | Latency: 8.89s | Macro-F1: 100.0% | Seller: 100.0% | Total: 100.0% | Item-R: 100.0%
[1035/1166] z7981213544728_dd0dcb642e8c550ffe77c862973f1793.jpg | Latency: 7.2s | Macro-F1: 100.0% | Seller: 100.0% | Total: 100.0% | Item-R: 100.0%
[1036/1166] cafe_starbucks_train_151.png | Latency: 5.2s | Macro-F1: 87.5% | Seller: 100.0% | Total: 100.0% | Item-R: 100.0%
[1037/1166] cafe_starbucks_2026-06-27T10-51-15-849Z_oazhjd.jpg | Latency: 7.14s | Macro-F1: 87.5% | Seller: 100.0% | Total: 100.0% | Item-R: 100.0%
[1038/1166] convenience_7eleven_train_075.png | Latency: 9.57s | Macro-F1: 75.0% | Seller: 100.0% | Total: 100.0% | Item-R: 100.0%
[1039/1166] minimart_anan_train_001.png | Latency: 11.56s | Macro-F1: 100.0% | Seller: 100.0% | Total: 100.0% | Item-R: 100.0%
[1040/1166] restaurant_jollibee_train_075.png | Latency: 10.18s | Macro-F1: 100.0% | Seller: 100.0% | Total: 100.0% | Item-R: 100.0%
[1041/1166] z7981213600392_03f13df86096c3b10a581686fa5baa8e.jpg | Latency: 11.62s | Macro-F1: 87.5% | Seller: 66.1% | Total: 100.0% | Item-R: 100.0%
[1042/1166] cafe_starbucks_train_159.png | Latency: 5.04s | Macro-F1: 87.5% | Seller: 100.0% | Total: 100.0% | Item-R: 100.0%
[1043/1166] einvoice_vnpt_train_270.png | Latency: 11.59s | Macro-F1: 100.0% | Seller: 100.0% | Total: 100.0% | Item-R: 100.0%
[1044/1166] convenience_circlek_2026-07-04T12-56-01-300Z_t723fh.jpg | Latency: 5.99s | Macro-F1: 87.5% | Seller: 100.0% | Total: 100.0% | Item-R: 100.0%
[1045/1166] supermarket_lotte_val_273.png | Latency: 9.68s | Macro-F1: 100.0% | Seller: 100.0% | Total: 100.0% | Item-R: 100.0%
[1046/1166] cafe_starbucks_train_431.png | Latency: 6.26s | Macro-F1: 54.2% | Seller: 100.0% | Total: 100.0% | Item-R: 33.3%
[1047/1166] supermarket_winmart_train_617.png | Latency: 11.71s | Macro-F1: 100.0% | Seller: 100.0% | Total: 100.0% | Item-R: 100.0%
[1048/1166] convenience_gs25_val_406.png | Latency: 5.86s | Macro-F1: 100.0% | Seller: 100.0% | Total: 100.0% | Item-R: 100.0%
[1049/1166] convenience_7eleven_train_049.png | Latency: 6.11s | Macro-F1: 75.0% | Seller: 100.0% | Total: 100.0% | Item-R: 100.0%
[1050/1166] supermarket_bachhoaxanh_train_168.png | Latency: 9.17s | Macro-F1: 100.0% | Seller: 100.0% | Total: 100.0% | Item-R: 100.0%
[1051/1166] restaurant_kfc_2026-07-10T18-30-00-004Z_6tq91x.jpg | Latency: 5.98s | Macro-F1: 100.0% | Seller: 100.0% | Total: 100.0% | Item-R: 100.0%
[1052/1166] cafe_phuclong_train_547.png | Latency: 9.29s | Macro-F1: 87.5% | Seller: 100.0% | Total: 100.0% | Item-R: 100.0%
[1053/1166] cafe_starbucks_train_136.png | Latency: 9.47s | Macro-F1: 87.5% | Seller: 100.0% | Total: 100.0% | Item-R: 100.0%
[1054/1166] convenience_circlek_2026-07-04T13-00-49-147Z_efdtsm.jpg | Latency: 7.32s | Macro-F1: 75.0% | Seller: 100.0% | Total: 100.0% | Item-R: 100.0%
[1055/1166] cafe_highlands_train_027.png | Latency: 10.42s | Macro-F1: 87.5% | Seller: 100.0% | Total: 100.0% | Item-R: 100.0%
[1056/1166] einvoice_vnpt_train_500.png | Latency: 8.23s | Macro-F1: 100.0% | Seller: 100.0% | Total: 100.0% | Item-R: 100.0%
[1057/1166] convenience_7eleven_train_582.png | Latency: 9.55s | Macro-F1: 75.0% | Seller: 100.0% | Total: 100.0% | Item-R: 100.0%
[1058/1166] convenience_circlek_train_472.png | Latency: 11.32s | Macro-F1: 100.0% | Seller: 100.0% | Total: 100.0% | Item-R: 100.0%
[1059/1166] restaurant_kfc_train_589.png | Latency: 9.65s | Macro-F1: 100.0% | Seller: 100.0% | Total: 100.0% | Item-R: 100.0%
[1060/1166] supermarket_winmart_2026-07-10T19-21-14-182Z_57hnoc.jpg | Latency: 11.96s | Macro-F1: 61.5% | Seller: 0.0% | Total: 100.0% | Item-R: 100.0%
[1061/1166] z7978986155637_3173c9ae8640579c6fb69c44576532b5.jpg | Latency: 11.48s | Macro-F1: 100.0% | Seller: 100.0% | Total: 100.0% | Item-R: 100.0%
[1062/1166] cafe_phuclong_val_555.png | Latency: 7.92s | Macro-F1: 87.5% | Seller: 100.0% | Total: 100.0% | Item-R: 100.0%
[1063/1166] convenience_circlek_train_189.png | Latency: 7.14s | Macro-F1: 100.0% | Seller: 100.0% | Total: 100.0% | Item-R: 100.0%
[1064/1166] cafe_phuclong_val_537.png | Latency: 8.87s | Macro-F1: 75.0% | Seller: 100.0% | Total: 0.0% | Item-R: 100.0%
[1065/1166] einvoice_viettel_train_064.png | Latency: 8.37s | Macro-F1: 100.0% | Seller: 100.0% | Total: 100.0% | Item-R: 100.0%
[1066/1166] convenience_gs25_train_540.png | Latency: 5.78s | Macro-F1: 100.0% | Seller: 100.0% | Total: 100.0% | Item-R: 100.0%
[1067/1166] convenience_gs25_train_046.png | Latency: 11.62s | Macro-F1: 95.8% | Seller: 100.0% | Total: 100.0% | Item-R: 100.0%
[1068/1166] receipt_c45_bb_val_423.png | Latency: 3.16s | Macro-F1: 100.0% | Seller: 100.0% | Total: 100.0% | Item-R: 100.0%
[1069/1166] supermarket_bachhoaxanh_train_165.png | Latency: 8.81s | Macro-F1: 100.0% | Seller: 100.0% | Total: 100.0% | Item-R: 100.0%
[1070/1166] einvoice_vnpt_val_292.png | Latency: 8.6s | Macro-F1: 100.0% | Seller: 100.0% | Total: 100.0% | Item-R: 100.0%
[1071/1166] cafe_starbucks_train_005.png | Latency: 8.35s | Macro-F1: 87.5% | Seller: 100.0% | Total: 100.0% | Item-R: 100.0%
[1072/1166] cafe_highlands_train_365.png | Latency: 5.32s | Macro-F1: 87.5% | Seller: 100.0% | Total: 100.0% | Item-R: 100.0%
[1073/1166] cafe_highlands_val_147.png | Latency: 5.33s | Macro-F1: 87.5% | Seller: 100.0% | Total: 100.0% | Item-R: 100.0%
[1074/1166] convenience_gs25_val_144.png | Latency: 5.85s | Macro-F1: 100.0% | Seller: 100.0% | Total: 100.0% | Item-R: 100.0%
[1075/1166] einvoice_viettel_train_016.png | Latency: 8.59s | Macro-F1: 100.0% | Seller: 100.0% | Total: 100.0% | Item-R: 100.0%
[1076/1166] convenience_gs25_train_222.png | Latency: 10.17s | Macro-F1: 100.0% | Seller: 100.0% | Total: 100.0% | Item-R: 100.0%
[1077/1166] convenience_circlek_2026-07-04T13-01-01-948Z_kw3p1o.jpg | Latency: 12.19s | Macro-F1: 61.5% | Seller: 100.0% | Total: 0.0% | Item-R: 100.0%
[1078/1166] convenience_gs25_train_202.png | Latency: 7.25s | Macro-F1: 100.0% | Seller: 100.0% | Total: 100.0% | Item-R: 100.0%
[1079/1166] cafe_highlands_2026-07-06T06-59-48-672Z_4tez3o.jpeg | Latency: 7.15s | Macro-F1: 87.5% | Seller: 100.0% | Total: 100.0% | Item-R: 100.0%
[1080/1166] convenience_gs25_val_001.png | Latency: 11.5s | Macro-F1: 100.0% | Seller: 100.0% | Total: 100.0% | Item-R: 100.0%
[1081/1166] minimart_anan_train_036.png | Latency: 10.34s | Macro-F1: 100.0% | Seller: 100.0% | Total: 100.0% | Item-R: 100.0%
[1082/1166] cafe_phuclong_val_413.png | Latency: 5.55s | Macro-F1: 87.5% | Seller: 100.0% | Total: 100.0% | Item-R: 100.0%
[1083/1166] convenience_circlek_train_493.png | Latency: 11.56s | Macro-F1: 100.0% | Seller: 100.0% | Total: 100.0% | Item-R: 100.0%
[1084/1166] restaurant_kfc_train_336.png | Latency: 7.21s | Macro-F1: 100.0% | Seller: 100.0% | Total: 100.0% | Item-R: 100.0%
[1085/1166] minimart_anan_train_234.png | Latency: 9.79s | Macro-F1: 97.5% | Seller: 100.0% | Total: 100.0% | Item-R: 100.0%
[1086/1166] receipt_c45_bb_train_369.png | Latency: 3.16s | Macro-F1: 100.0% | Seller: 100.0% | Total: 100.0% | Item-R: 100.0%
[1087/1166] restaurant_jollibee_val_282.png | Latency: 5.88s | Macro-F1: 100.0% | Seller: 100.0% | Total: 100.0% | Item-R: 100.0%
[1088/1166] cafe_starbucks_train_560.png | Latency: 8.28s | Macro-F1: 87.5% | Seller: 100.0% | Total: 100.0% | Item-R: 100.0%
[1089/1166] convenience_7eleven_val_135.png | Latency: 4.76s | Macro-F1: 75.0% | Seller: 100.0% | Total: 100.0% | Item-R: 100.0%
[1090/1166] convenience_circlek_train_461.png | Latency: 9.87s | Macro-F1: 100.0% | Seller: 100.0% | Total: 100.0% | Item-R: 100.0%
[1091/1166] supermarket_bachhoaxanh_train_565.png | Latency: 7.43s | Macro-F1: 100.0% | Seller: 100.0% | Total: 100.0% | Item-R: 100.0%
[1092/1166] convenience_circlek_train_206.png | Latency: 8.68s | Macro-F1: 100.0% | Seller: 100.0% | Total: 100.0% | Item-R: 100.0%
[1093/1166] cafe_starbucks_2026-06-27T10-56-17-729Z_kgmuu.jpg | Latency: 10.59s | Macro-F1: 87.5% | Seller: 90.0% | Total: 100.0% | Item-R: 100.0%
[1094/1166] minimart_anan_train_479.png | Latency: 8.31s | Macro-F1: 100.0% | Seller: 100.0% | Total: 100.0% | Item-R: 100.0%
[1095/1166] supermarket_lotte_val_292.png | Latency: 9.97s | Macro-F1: 100.0% | Seller: 100.0% | Total: 100.0% | Item-R: 100.0%
[1096/1166] restaurant_jollibee_2026-07-06T07-13-53-699Z_hu82o8.jpeg | Latency: 5.94s | Macro-F1: 75.0% | Seller: 100.0% | Total: 100.0% | Item-R: 100.0%
[1097/1166] restaurant_jollibee_train_171.png | Latency: 6.06s | Macro-F1: 100.0% | Seller: 100.0% | Total: 100.0% | Item-R: 100.0%
[1098/1166] einvoice_viettel_train_465.png | Latency: 9.96s | Macro-F1: 100.0% | Seller: 100.0% | Total: 100.0% | Item-R: 100.0%
[1099/1166] einvoice_viettel_train_158.png | Latency: 9.99s | Macro-F1: 100.0% | Seller: 100.0% | Total: 100.0% | Item-R: 100.0%
[1100/1166] restaurant_jollibee_train_620.png | Latency: 10.2s | Macro-F1: 62.5% | Seller: 100.0% | Total: 0.0% | Item-R: 100.0%
[1101/1166] cafe_highlands_val_012.png | Latency: 5.46s | Macro-F1: 87.5% | Seller: 100.0% | Total: 100.0% | Item-R: 100.0%
[1102/1166] receipt_c45_bb_train_102.png | Latency: 3.34s | Macro-F1: 100.0% | Seller: 100.0% | Total: 100.0% | Item-R: 100.0%
[1103/1166] einvoice_viettel_train_073.png | Latency: 11.22s | Macro-F1: 100.0% | Seller: 100.0% | Total: 100.0% | Item-R: 100.0%
[1104/1166] supermarket_winmart_train_048.png | Latency: 11.73s | Macro-F1: 100.0% | Seller: 100.0% | Total: 100.0% | Item-R: 100.0%
[1105/1166] cafe_starbucks_train_144.png | Latency: 8.31s | Macro-F1: 85.0% | Seller: 100.0% | Total: 100.0% | Item-R: 100.0%
[1106/1166] cafe_highlands_2026-07-06T06-57-02-756Z_guhp5s.jpeg | Latency: 7.27s | Macro-F1: 75.0% | Seller: 100.0% | Total: 100.0% | Item-R: 100.0%
[1107/1166] supermarket_bachhoaxanh_train_229.png | Latency: 10.35s | Macro-F1: 100.0% | Seller: 100.0% | Total: 100.0% | Item-R: 100.0%
[1108/1166] convenience_circlek_train_358.png | Latency: 5.8s | Macro-F1: 100.0% | Seller: 100.0% | Total: 100.0% | Item-R: 100.0%
[1109/1166] einvoice_vnpt_train_167.png | Latency: 11.4s | Macro-F1: 100.0% | Seller: 100.0% | Total: 100.0% | Item-R: 100.0%
[1110/1166] convenience_7eleven_2026-07-04T13-34-04-862Z_w12vni.jpg | Latency: 7.09s | Macro-F1: 87.5% | Seller: 100.0% | Total: 100.0% | Item-R: 100.0%
[1111/1166] cafe_phuclong_train_176.png | Latency: 10.27s | Macro-F1: 87.5% | Seller: 100.0% | Total: 100.0% | Item-R: 100.0%
[1112/1166] convenience_7eleven_val_003.png | Latency: 4.91s | Macro-F1: 75.0% | Seller: 100.0% | Total: 100.0% | Item-R: 100.0%
[1113/1166] z7981210336012_3e1bb82f0820a7351adf1727f7c0969a.jpg | Latency: 10.21s | Macro-F1: 100.0% | Seller: 100.0% | Total: 100.0% | Item-R: 100.0%
[1114/1166] einvoice_vnpt_train_420.png | Latency: 6.84s | Macro-F1: 100.0% | Seller: 100.0% | Total: 100.0% | Item-R: 100.0%
[1115/1166] restaurant_jollibee_train_022.png | Latency: 8.76s | Macro-F1: 100.0% | Seller: 100.0% | Total: 100.0% | Item-R: 100.0%
[1116/1166] receipt_c45_bb_train_217.png | Latency: 3.22s | Macro-F1: 100.0% | Seller: 100.0% | Total: 100.0% | Item-R: 100.0%
[1117/1166] receipt_c45_bb_train_616.png | Latency: 3.15s | Macro-F1: 100.0% | Seller: 100.0% | Total: 100.0% | Item-R: 100.0%
[1118/1166] supermarket_bachhoaxanh_val_537.png | Latency: 11.79s | Macro-F1: 100.0% | Seller: 100.0% | Total: 100.0% | Item-R: 100.0%
[1119/1166] z7981213551315_c8c6b27076c80c4307872a33a26563f0.jpg | Latency: 11.95s | Macro-F1: 100.0% | Seller: 100.0% | Total: 100.0% | Item-R: 100.0%
[1120/1166] restaurant_jollibee_train_351.png | Latency: 10.11s | Macro-F1: 100.0% | Seller: 100.0% | Total: 100.0% | Item-R: 100.0%
[1121/1166] convenience_gs25_val_563.png | Latency: 5.96s | Macro-F1: 100.0% | Seller: 100.0% | Total: 100.0% | Item-R: 100.0%
[1122/1166] restaurant_jollibee_train_163.png | Latency: 7.15s | Macro-F1: 100.0% | Seller: 100.0% | Total: 100.0% | Item-R: 100.0%
[1123/1166] convenience_gs25_val_025.png | Latency: 10.25s | Macro-F1: 100.0% | Seller: 100.0% | Total: 100.0% | Item-R: 100.0%
[1124/1166] cafe_phuclong_2026-07-06T07-37-15-584Z_fthcab.jpeg | Latency: 5.85s | Macro-F1: 75.0% | Seller: 100.0% | Total: 100.0% | Item-R: 100.0%
[1125/1166] einvoice_viettel_val_412.png | Latency: 8.37s | Macro-F1: 100.0% | Seller: 100.0% | Total: 100.0% | Item-R: 100.0%
[1126/1166] receipt_c45_bb_train_214.png | Latency: 3.24s | Macro-F1: 100.0% | Seller: 100.0% | Total: 100.0% | Item-R: 100.0%
[1127/1166] einvoice_viettel_train_340.png | Latency: 11.46s | Macro-F1: 100.0% | Seller: 100.0% | Total: 100.0% | Item-R: 100.0%
[1128/1166] einvoice_viettel_train_275.png | Latency: 11.35s | Macro-F1: 100.0% | Seller: 100.0% | Total: 100.0% | Item-R: 100.0%
[1129/1166] supermarket_bachhoaxanh_train_102.png | Latency: 12.4s | Macro-F1: 100.0% | Seller: 100.0% | Total: 100.0% | Item-R: 100.0%
[1130/1166] convenience_7eleven_train_020.png | Latency: 8.41s | Macro-F1: 75.0% | Seller: 100.0% | Total: 100.0% | Item-R: 100.0%
[1131/1166] cafe_phuclong_2026-07-06T07-37-14-258Z_w8tt1d.jpeg | Latency: 10.39s | Macro-F1: 75.0% | Seller: 100.0% | Total: 100.0% | Item-R: 100.0%
[1132/1166] restaurant_kfc_train_374.png | Latency: 6.94s | Macro-F1: 100.0% | Seller: 100.0% | Total: 100.0% | Item-R: 100.0%
[1133/1166] convenience_gs25_2026-07-10T18-58-26-413Z_wvc3av.jpg | Latency: 11.57s | Macro-F1: 75.0% | Seller: 100.0% | Total: 100.0% | Item-R: 100.0%
[1134/1166] restaurant_kfc_train_164.png | Latency: 11.19s | Macro-F1: 100.0% | Seller: 100.0% | Total: 100.0% | Item-R: 100.0%
[1135/1166] restaurant_kfc_train_317.png | Latency: 5.68s | Macro-F1: 100.0% | Seller: 100.0% | Total: 100.0% | Item-R: 100.0%
[1136/1166] supermarket_winmart_2026-07-10T19-23-25-665Z_6bqfqq.jpg | Latency: 6.2s | Macro-F1: 75.0% | Seller: 100.0% | Total: 100.0% | Item-R: 100.0%
[1137/1166] cafe_highlands_train_422.png | Latency: 6.74s | Macro-F1: 87.5% | Seller: 100.0% | Total: 100.0% | Item-R: 100.0%
[1138/1166] cafe_highlands_train_459.png | Latency: 10.38s | Macro-F1: 87.5% | Seller: 100.0% | Total: 100.0% | Item-R: 100.0%
[1139/1166] supermarket_bachhoaxanh_train_436.png | Latency: 10.76s | Macro-F1: 100.0% | Seller: 100.0% | Total: 100.0% | Item-R: 100.0%
[1140/1166] cafe_starbucks_2026-06-27T10-52-11-658Z_nn9gg4.jpg | Latency: 9.59s | Macro-F1: 87.5% | Seller: 70.2% | Total: 100.0% | Item-R: 100.0%
[1141/1166] restaurant_jollibee_train_051.png | Latency: 8.73s | Macro-F1: 100.0% | Seller: 100.0% | Total: 100.0% | Item-R: 100.0%
[1142/1166] minimart_anan_train_361.png | Latency: 5.74s | Macro-F1: 100.0% | Seller: 100.0% | Total: 100.0% | Item-R: 100.0%
[1143/1166] minimart_anan_train_472.png | Latency: 11.66s | Macro-F1: 100.0% | Seller: 100.0% | Total: 100.0% | Item-R: 100.0%
[1144/1166] z7979431872905_a1ff7a21bf318b3dcc41ec91b996a174.jpg | Latency: 3.5s | Macro-F1: 100.0% | Seller: 100.0% | Total: 100.0% | Item-R: 100.0%
[1145/1166] cafe_starbucks_train_146.png | Latency: 5.03s | Macro-F1: 87.5% | Seller: 100.0% | Total: 100.0% | Item-R: 100.0%
[1146/1166] restaurant_kfc_train_469.png | Latency: 5.49s | Macro-F1: 100.0% | Seller: 100.0% | Total: 100.0% | Item-R: 100.0%
[1147/1166] convenience_7eleven_train_502.png | Latency: 5.94s | Macro-F1: 75.0% | Seller: 100.0% | Total: 100.0% | Item-R: 100.0%
[1148/1166] cafe_phuclong_train_458.png | Latency: 9.01s | Macro-F1: 62.5% | Seller: 100.0% | Total: 100.0% | Item-R: 40.0%
[1149/1166] convenience_7eleven_train_583.png | Latency: 5.77s | Macro-F1: 75.0% | Seller: 100.0% | Total: 100.0% | Item-R: 100.0%
[1150/1166] convenience_circlek_val_411.png | Latency: 8.69s | Macro-F1: 100.0% | Seller: 100.0% | Total: 100.0% | Item-R: 100.0%
[1151/1166] supermarket_winmart_val_541.png | Latency: 11.9s | Macro-F1: 100.0% | Seller: 100.0% | Total: 100.0% | Item-R: 100.0%
[1152/1166] convenience_gs25_train_105.png | Latency: 7.26s | Macro-F1: 100.0% | Seller: 100.0% | Total: 100.0% | Item-R: 100.0%
[1153/1166] restaurant_kfc_train_493.png | Latency: 11.19s | Macro-F1: 100.0% | Seller: 100.0% | Total: 100.0% | Item-R: 100.0%
[1154/1166] cafe_phuclong_train_157.png | Latency: 7.98s | Macro-F1: 87.5% | Seller: 100.0% | Total: 100.0% | Item-R: 100.0%
[1155/1166] supermarket_lotte_2026-07-06T07-45-39-836Z_jlhpi.jpeg | Latency: 8.56s | Macro-F1: 87.5% | Seller: 100.0% | Total: 100.0% | Item-R: 100.0%
[1156/1166] einvoice_vnpt_train_074.png | Latency: 6.78s | Macro-F1: 100.0% | Seller: 100.0% | Total: 100.0% | Item-R: 100.0%
[1157/1166] restaurant_kfc_train_425.png | Latency: 5.52s | Macro-F1: 100.0% | Seller: 100.0% | Total: 100.0% | Item-R: 100.0%
[1158/1166] restaurant_kfc_train_309.png | Latency: 5.59s | Macro-F1: 100.0% | Seller: 100.0% | Total: 100.0% | Item-R: 100.0%
[1159/1166] supermarket_lotte_val_150.png | Latency: 9.74s | Macro-F1: 100.0% | Seller: 100.0% | Total: 100.0% | Item-R: 100.0%
[1160/1166] supermarket_winmart_train_459.png | Latency: 10.32s | Macro-F1: 100.0% | Seller: 100.0% | Total: 100.0% | Item-R: 100.0%
[1161/1166] restaurant_kfc_train_627.png | Latency: 6.86s | Macro-F1: 100.0% | Seller: 100.0% | Total: 100.0% | Item-R: 100.0%
[1162/1166] cafe_starbucks_2026-06-27T11-01-33-990Z_5kjexv.jpg | Latency: 5.82s | Macro-F1: 87.5% | Seller: 100.0% | Total: 100.0% | Item-R: 100.0%
[1163/1166] receipt_c45_bb_train_236.png | Latency: 3.19s | Macro-F1: 100.0% | Seller: 100.0% | Total: 100.0% | Item-R: 100.0%
[1164/1166] einvoice_vnpt_val_289.png | Latency: 8.47s | Macro-F1: 100.0% | Seller: 100.0% | Total: 100.0% | Item-R: 100.0%
[1165/1166] z7979231571121_e23a9c64d4cd0184847236ae4bdf5b59.jpg | Latency: 11.41s | Macro-F1: 100.0% | Seller: 100.0% | Total: 100.0% | Item-R: 100.0%
[1166/1166] restaurant_kfc_train_626.png | Latency: 6.89s | Macro-F1: 100.0% | Seller: 100.0% | Total: 100.0% | Item-R: 100.0%

✅ Hoàn thành đánh giá: Qwen3-VL (8B) - LoRA v2 (Enhanced)!
>>> [1/2] Hoàn thành Official Benchmark lúc: Tue Sep 15 11:33:07 AM +07 2026
>>> [2/2] Đang chạy MCOCR Benchmark (499 mẫu)...
================================================================================
🚀 MCOCR ZERO-SHOT GENERALIZATION BENCHMARK - ALL 8 FIELDS (499 SAMPLES)
================================================================================

=========================================================================
🏁 ĐANG ĐÁNH GIÁ MCOCR: Qwen3-VL (8B) - LoRA v2 (Enhanced)
=========================================================================
[3/499] mcocr_public_145014mghmv.jpg | Latency: 2.84s | Macro-F1: 75.0% | Seller: 45.8% | Total: 100.0% | Item-R: 100.0%
[4/499] mcocr_public_145013rcioe.jpg | Latency: 6.33s | Macro-F1: 100.0% | Seller: 80.0% | Total: 100.0% | Item-R: 100.0%
[5/499] mcocr_public_145013ndqdl.jpg | Latency: 16.4s | Macro-F1: 62.5% | Seller: 100.0% | Total: 0.0% | Item-R: 100.0%
[6/499] mcocr_public_145014zoocd.jpg | Latency: 6.61s | Macro-F1: 87.5% | Seller: 45.8% | Total: 100.0% | Item-R: 100.0%
[7/499] mcocr_public_145014bzkaq.jpg | Latency: 19.63s | Macro-F1: 51.4% | Seller: 78.8% | Total: 100.0% | Item-R: 100.0%
[8/499] mcocr_public_145014glqgm.jpg | Latency: 2.74s | Macro-F1: 75.0% | Seller: 100.0% | Total: 100.0% | Item-R: 100.0%
[9/499] mcocr_public_145014ojudj.jpg | Latency: 4.66s | Macro-F1: 87.5% | Seller: 100.0% | Total: 100.0% | Item-R: 100.0%
[10/499] mcocr_val_145115djbdi.jpg | Latency: 11.62s | Macro-F1: 97.5% | Seller: 100.0% | Total: 100.0% | Item-R: 100.0%
[11/499] mcocr_val_145115voxmg.jpg | Latency: 9.13s | Macro-F1: 80.0% | Seller: 100.0% | Total: 100.0% | Item-R: 100.0%
[12/499] mcocr_val_145115oycsy.jpg | Latency: 7.05s | Macro-F1: 87.5% | Seller: 66.7% | Total: 100.0% | Item-R: 100.0%
[13/499] mcocr_public_145014lwhgn.jpg | Latency: 11.76s | Macro-F1: 79.2% | Seller: 100.0% | Total: 0.0% | Item-R: 83.3%
[14/499] mcocr_val_145115monde.jpg | Latency: 4.73s | Macro-F1: 62.5% | Seller: 41.5% | Total: 0.0% | Item-R: 100.0%
[15/499] mcocr_public_145014fbixi.jpg | Latency: 2.77s | Macro-F1: 62.5% | Seller: 52.4% | Total: 0.0% | Item-R: 100.0%
[16/499] mcocr_public_145014tzbvy.jpg | Latency: 14.1s | Macro-F1: 50.0% | Seller: 94.1% | Total: 100.0% | Item-R: 42.9%
[17/499] mcocr_public_145014dkbzw.jpg | Latency: 9.66s | Macro-F1: 25.0% | Seller: 20.7% | Total: 0.0% | Item-R: 0.0%
[18/499] mcocr_val_145115auaqs.jpg | Latency: 10.76s | Macro-F1: 57.5% | Seller: 16.7% | Total: 100.0% | Item-R: 80.0%
[19/499] mcocr_public_145014tsvjp.jpg | Latency: 4.66s | Macro-F1: 62.5% | Seller: 52.4% | Total: 0.0% | Item-R: 100.0%
[20/499] mcocr_val_145115snubu.jpg | Latency: 4.63s | Macro-F1: 100.0% | Seller: 100.0% | Total: 100.0% | Item-R: 100.0%
[21/499] mcocr_public_145014khqqq.jpg | Latency: 8.42s | Macro-F1: 79.2% | Seller: 92.3% | Total: 100.0% | Item-R: 100.0%
[22/499] mcocr_public_145013nsktd.jpg | Latency: 5.76s | Macro-F1: 62.5% | Seller: 43.8% | Total: 0.0% | Item-R: 100.0%
[23/499] mcocr_public_145014yjdpq.jpg | Latency: 5.7s | Macro-F1: 100.0% | Seller: 100.0% | Total: 100.0% | Item-R: 100.0%
[24/499] mcocr_public_145014igwbv.jpg | Latency: 12.76s | Macro-F1: 59.8% | Seller: 93.8% | Total: 100.0% | Item-R: 62.5%
[25/499] mcocr_public_145014xsppi.jpg | Latency: 9.96s | Macro-F1: 72.2% | Seller: 78.8% | Total: 100.0% | Item-R: 100.0%
[26/499] mcocr_public_145014cmcvj.jpg | Latency: 4.96s | Macro-F1: 87.5% | Seller: 50.0% | Total: 100.0% | Item-R: 100.0%
[27/499] mcocr_public_145013anmiz.jpg | Latency: 4.6s | Macro-F1: 62.5% | Seller: 40.7% | Total: 0.0% | Item-R: 100.0%
[28/499] mcocr_public_145013nwgha.jpg | Latency: 5.95s | Macro-F1: 81.2% | Seller: 100.0% | Total: 100.0% | Item-R: 100.0%
[29/499] mcocr_public_145014gflyd.jpg | Latency: 5.88s | Macro-F1: 93.8% | Seller: 100.0% | Total: 100.0% | Item-R: 100.0%
[30/499] mcocr_public_145013sqona.jpg | Latency: 10.31s | Macro-F1: 100.0% | Seller: 100.0% | Total: 100.0% | Item-R: 100.0%
[31/499] mcocr_public_145014ybodg.jpg | Latency: 4.82s | Macro-F1: 87.5% | Seller: 100.0% | Total: 100.0% | Item-R: 100.0%
[32/499] mcocr_val_145115akhkf.jpg | Latency: 28.64s | Macro-F1: 33.0% | Seller: 66.7% | Total: 100.0% | Item-R: 70.0%
[33/499] mcocr_public_145014rshbs.jpg | Latency: 4.44s | Macro-F1: 75.0% | Seller: 40.7% | Total: 100.0% | Item-R: 100.0%
[34/499] mcocr_val_145115kkeqh.jpg | Latency: 10.31s | Macro-F1: 75.0% | Seller: 100.0% | Total: 0.0% | Item-R: 100.0%
[35/499] mcocr_public_145014ywtoy.jpg | Latency: 19.15s | Macro-F1: 64.5% | Seller: 100.0% | Total: 0.0% | Item-R: 92.9%
[36/499] mcocr_public_145014uilrh.jpg | Latency: 4.97s | Macro-F1: 100.0% | Seller: 100.0% | Total: 100.0% | Item-R: 100.0%
[37/499] mcocr_public_145014nsqiz.jpg | Latency: 2.76s | Macro-F1: 62.5% | Seller: 45.8% | Total: 0.0% | Item-R: 100.0%
[38/499] mcocr_public_145013kacze.jpg | Latency: 10.12s | Macro-F1: 87.5% | Seller: 100.0% | Total: 100.0% | Item-R: 100.0%
[39/499] mcocr_public_145013rmrji.jpg | Latency: 13.61s | Macro-F1: 43.2% | Seller: 100.0% | Total: 100.0% | Item-R: 42.9%
[40/499] mcocr_public_145014fegvz.jpg | Latency: 4.42s | Macro-F1: 87.5% | Seller: 66.7% | Total: 100.0% | Item-R: 100.0%
[41/499] mcocr_val_145115fpsxm.jpg | Latency: 5.94s | Macro-F1: 100.0% | Seller: 83.3% | Total: 100.0% | Item-R: 100.0%
[42/499] mcocr_val_145115hkbzp.jpg | Latency: 6.47s | Macro-F1: 75.0% | Seller: 43.1% | Total: 100.0% | Item-R: 100.0%
[43/499] mcocr_val_145115zcwxo.jpg | Latency: 6.56s | Macro-F1: 75.0% | Seller: 44.0% | Total: 100.0% | Item-R: 100.0%
[44/499] mcocr_public_145014evoja.jpg | Latency: 4.58s | Macro-F1: 100.0% | Seller: 94.1% | Total: 100.0% | Item-R: 100.0%
[45/499] mcocr_public_145014xxdnm.jpg | Latency: 4.43s | Macro-F1: 100.0% | Seller: 76.5% | Total: 100.0% | Item-R: 100.0%
[46/499] mcocr_val_145115eoxbk.jpg | Latency: 1.82s | Macro-F1: 100.0% | Seller: 100.0% | Total: 100.0% | Item-R: 100.0%
[47/499] mcocr_public_145014gmvig.jpg | Latency: 5.08s | Macro-F1: 68.8% | Seller: 100.0% | Total: 100.0% | Item-R: 50.0%
[48/499] mcocr_public_145013eygxv.jpg | Latency: 6.25s | Macro-F1: 100.0% | Seller: 94.1% | Total: 100.0% | Item-R: 100.0%
[49/499] mcocr_val_145115tijka.jpg | Latency: 6.42s | Macro-F1: 100.0% | Seller: 100.0% | Total: 100.0% | Item-R: 100.0%
[50/499] mcocr_public_145014tnnoi.jpg | Latency: 9.71s | Macro-F1: 90.0% | Seller: 100.0% | Total: 100.0% | Item-R: 80.0%
[51/499] mcocr_public_145014tkdal.jpg | Latency: 4.65s | Macro-F1: 75.0% | Seller: 100.0% | Total: 0.0% | Item-R: 100.0%
[52/499] mcocr_val_145115capyt.jpg | Latency: 4.41s | Macro-F1: 75.0% | Seller: 100.0% | Total: 0.0% | Item-R: 100.0%
[53/499] mcocr_public_145013mzyyu.jpg | Latency: 6.26s | Macro-F1: 62.5% | Seller: 49.0% | Total: 100.0% | Item-R: 100.0%
[54/499] mcocr_public_145013kwckq.jpg | Latency: 4.5s | Macro-F1: 87.5% | Seller: 66.7% | Total: 100.0% | Item-R: 100.0%
[55/499] mcocr_public_145014qodwj.jpg | Latency: 4.94s | Macro-F1: 87.5% | Seller: 13.6% | Total: 100.0% | Item-R: 100.0%
[56/499] mcocr_public_145014xubtk.jpg | Latency: 4.7s | Macro-F1: 75.0% | Seller: 50.0% | Total: 0.0% | Item-R: 100.0%
[57/499] mcocr_public_145013eekwk.jpg | Latency: 29.85s | Macro-F1: 0.0% | Seller: 0.0% | Total: 0.0% | Item-R: 0.0%
[58/499] mcocr_public_145013waefm.jpg | Latency: 8.9s | Macro-F1: 100.0% | Seller: 100.0% | Total: 100.0% | Item-R: 100.0%
[59/499] mcocr_public_145014lkoul.jpg | Latency: 6.38s | Macro-F1: 72.5% | Seller: 92.3% | Total: 100.0% | Item-R: 66.7%
[60/499] mcocr_public_145014avkgm.jpg | Latency: 6.51s | Macro-F1: 93.8% | Seller: 100.0% | Total: 100.0% | Item-R: 100.0%
[61/499] mcocr_public_145014aecqi.jpg | Latency: 8.14s | Macro-F1: 83.3% | Seller: 100.0% | Total: 0.0% | Item-R: 100.0%
[62/499] mcocr_public_145013dcqda.jpg | Latency: 4.88s | Macro-F1: 62.5% | Seller: 25.6% | Total: 0.0% | Item-R: 100.0%
[63/499] mcocr_public_145013utfgs.jpg | Latency: 7.1s | Macro-F1: 87.5% | Seller: 66.7% | Total: 100.0% | Item-R: 100.0%
[64/499] mcocr_public_145013qeejy.jpg | Latency: 4.64s | Macro-F1: 87.5% | Seller: 78.8% | Total: 100.0% | Item-R: 100.0%
[65/499] mcocr_public_145014gjtjf.jpg | Latency: 19.32s | Macro-F1: 52.2% | Seller: 100.0% | Total: 100.0% | Item-R: 8.3%
[66/499] mcocr_public_145014yhorz.jpg | Latency: 7.71s | Macro-F1: 66.7% | Seller: 100.0% | Total: 100.0% | Item-R: 66.7%
[67/499] mcocr_public_145013yqmqe.jpg | Latency: 4.66s | Macro-F1: 100.0% | Seller: 94.1% | Total: 100.0% | Item-R: 100.0%
[68/499] mcocr_public_145014tecsd.jpg | Latency: 6.52s | Macro-F1: 87.5% | Seller: 100.0% | Total: 100.0% | Item-R: 100.0%
[69/499] mcocr_public_145014bymkd.jpg | Latency: 4.72s | Macro-F1: 75.0% | Seller: 100.0% | Total: 100.0% | Item-R: 100.0%
[70/499] mcocr_public_145014rfvhh.jpg | Latency: 8.72s | Macro-F1: 58.8% | Seller: 100.0% | Total: 100.0% | Item-R: 100.0%
[71/499] mcocr_public_145013pedoz.jpg | Latency: 8.71s | Macro-F1: 12.5% | Seller: 12.5% | Total: 100.0% | Item-R: 0.0%
[72/499] mcocr_public_145013rqfec.jpg | Latency: 4.57s | Macro-F1: 87.5% | Seller: 100.0% | Total: 100.0% | Item-R: 100.0%
[73/499] mcocr_val_145115ymgcp.jpg | Latency: 5.08s | Macro-F1: 50.0% | Seller: 62.5% | Total: 0.0% | Item-R: 100.0%
[74/499] mcocr_public_145014udqjt.jpg | Latency: 2.24s | Macro-F1: 50.0% | Seller: 35.3% | Total: 0.0% | Item-R: 100.0%
[75/499] mcocr_val_145115zpaiz.jpg | Latency: 4.7s | Macro-F1: 75.0% | Seller: 52.4% | Total: 0.0% | Item-R: 100.0%
[76/499] mcocr_public_145014wywkr.jpg | Latency: 5.76s | Macro-F1: 58.3% | Seller: 78.8% | Total: 0.0% | Item-R: 100.0%
[77/499] mcocr_public_145014khxoz.jpg | Latency: 4.62s | Macro-F1: 62.5% | Seller: 48.0% | Total: 100.0% | Item-R: 100.0%
[78/499] mcocr_public_145014xdscr.jpg | Latency: 4.23s | Macro-F1: 70.8% | Seller: 40.7% | Total: 100.0% | Item-R: 50.0%
[79/499] mcocr_public_145014ehtue.jpg | Latency: 11.23s | Macro-F1: 12.5% | Seller: 53.7% | Total: 0.0% | Item-R: 0.0%
[80/499] mcocr_public_145014cuqln.jpg | Latency: 3.37s | Macro-F1: 75.0% | Seller: 53.7% | Total: 100.0% | Item-R: 100.0%
[81/499] mcocr_public_145014jxscx.jpg | Latency: 4.49s | Macro-F1: 62.5% | Seller: 33.3% | Total: 100.0% | Item-R: 100.0%
[82/499] mcocr_val_145115hjpun.jpg | Latency: 2.35s | Macro-F1: 62.5% | Seller: 44.0% | Total: 100.0% | Item-R: 100.0%
[83/499] mcocr_public_145014xjfxx.jpg | Latency: 2.77s | Macro-F1: 62.5% | Seller: 52.4% | Total: 0.0% | Item-R: 100.0%
[84/499] mcocr_public_145014ckynq.jpg | Latency: 6.26s | Macro-F1: 62.5% | Seller: 96.2% | Total: 100.0% | Item-R: 50.0%
[85/499] mcocr_public_145014rpmsm.jpg | Latency: 4.7s | Macro-F1: 87.5% | Seller: 52.4% | Total: 100.0% | Item-R: 100.0%
[86/499] mcocr_public_145014xyqra.jpg | Latency: 16.2s | Macro-F1: 100.0% | Seller: 100.0% | Total: 100.0% | Item-R: 100.0%
[87/499] mcocr_val_145115wyjlo.jpg | Latency: 7.4s | Macro-F1: 66.7% | Seller: 100.0% | Total: 100.0% | Item-R: 66.7%
[88/499] mcocr_public_145014ozfbe.jpg | Latency: 6.45s | Macro-F1: 100.0% | Seller: 100.0% | Total: 100.0% | Item-R: 100.0%
[89/499] mcocr_public_145013aagqw.jpg | Latency: 13.61s | Macro-F1: 67.3% | Seller: 100.0% | Total: 100.0% | Item-R: 100.0%
[90/499] mcocr_public_145013lkorp.jpg | Latency: 6.33s | Macro-F1: 62.5% | Seller: 90.0% | Total: 100.0% | Item-R: 100.0%
[91/499] mcocr_public_145014pyikk.jpg | Latency: 2.37s | Macro-F1: 75.0% | Seller: 100.0% | Total: 0.0% | Item-R: 100.0%
[92/499] mcocr_public_145014zcoyr.jpg | Latency: 4.28s | Macro-F1: 37.5% | Seller: 100.0% | Total: 100.0% | Item-R: 0.0%
[93/499] mcocr_val_145115yracs.jpg | Latency: 6.29s | Macro-F1: 68.8% | Seller: 100.0% | Total: 100.0% | Item-R: 100.0%
[94/499] mcocr_val_145115mphkz.jpg | Latency: 4.37s | Macro-F1: 75.0% | Seller: 69.0% | Total: 100.0% | Item-R: 100.0%
[95/499] mcocr_public_145013dcdmv.jpg | Latency: 5.79s | Macro-F1: 87.5% | Seller: 66.7% | Total: 100.0% | Item-R: 100.0%
[96/499] mcocr_public_145013wjnhn.jpg | Latency: 4.71s | Macro-F1: 75.0% | Seller: 100.0% | Total: 100.0% | Item-R: 100.0%
[97/499] mcocr_val_145115mqnlc.jpg | Latency: 5.77s | Macro-F1: 75.0% | Seller: 83.3% | Total: 100.0% | Item-R: 50.0%
[98/499] mcocr_public_145013crqqo.jpg | Latency: 4.58s | Macro-F1: 95.8% | Seller: 76.5% | Total: 100.0% | Item-R: 50.0%
[99/499] mcocr_public_145014irkqn.jpg | Latency: 6.63s | Macro-F1: 87.5% | Seller: 100.0% | Total: 100.0% | Item-R: 100.0%
[100/499] mcocr_public_145014yiovk.jpg | Latency: 9.48s | Macro-F1: 58.3% | Seller: 0.8% | Total: 100.0% | Item-R: 100.0%
[101/499] mcocr_public_145014vhiaa.jpg | Latency: 4.67s | Macro-F1: 100.0% | Seller: 83.3% | Total: 100.0% | Item-R: 100.0%
[102/499] mcocr_public_145014qmchf.jpg | Latency: 8.51s | Macro-F1: 100.0% | Seller: 100.0% | Total: 100.0% | Item-R: 100.0%
[103/499] mcocr_val_145115zgjlc.jpg | Latency: 6.4s | Macro-F1: 87.5% | Seller: 80.6% | Total: 100.0% | Item-R: 100.0%
[104/499] mcocr_val_145115ycgof.jpg | Latency: 4.52s | Macro-F1: 100.0% | Seller: 76.5% | Total: 100.0% | Item-R: 100.0%
[105/499] mcocr_public_145014ljxit.jpg | Latency: 16.08s | Macro-F1: 80.7% | Seller: 100.0% | Total: 100.0% | Item-R: 90.0%
[106/499] mcocr_public_145013aeriv.jpg | Latency: 11.23s | Macro-F1: 87.5% | Seller: 100.0% | Total: 100.0% | Item-R: 100.0%
[107/499] mcocr_public_145014ytzcj.jpg | Latency: 5.6s | Macro-F1: 70.8% | Seller: 76.0% | Total: 100.0% | Item-R: 100.0%
[108/499] mcocr_public_145014gxgwj.jpg | Latency: 4.85s | Macro-F1: 87.5% | Seller: 100.0% | Total: 100.0% | Item-R: 100.0%
[109/499] mcocr_val_145115qnqtp.jpg | Latency: 4.75s | Macro-F1: 87.5% | Seller: 94.1% | Total: 100.0% | Item-R: 100.0%
[110/499] mcocr_public_145014nuiop.jpg | Latency: 2.12s | Macro-F1: 50.0% | Seller: 12.5% | Total: 0.0% | Item-R: 100.0%
[111/499] mcocr_public_145014toiko.jpg | Latency: 4.92s | Macro-F1: 87.5% | Seller: 44.0% | Total: 100.0% | Item-R: 100.0%
[112/499] mcocr_val_145115uvcfc.jpg | Latency: 14.19s | Macro-F1: 51.6% | Seller: 100.0% | Total: 100.0% | Item-R: 87.5%
[113/499] mcocr_public_145014bqpcb.jpg | Latency: 2.85s | Macro-F1: 50.0% | Seller: 18.2% | Total: 0.0% | Item-R: 100.0%
[114/499] mcocr_val_145115esxfn.jpg | Latency: 4.96s | Macro-F1: 75.0% | Seller: 95.5% | Total: 100.0% | Item-R: 100.0%
[115/499] mcocr_public_145013iurdz.jpg | Latency: 10.51s | Macro-F1: 75.0% | Seller: 100.0% | Total: 0.0% | Item-R: 100.0%
[116/499] mcocr_public_145014lukeo.jpg | Latency: 4.34s | Macro-F1: 100.0% | Seller: 100.0% | Total: 100.0% | Item-R: 100.0%
[117/499] mcocr_public_145013ecfzg.jpg | Latency: 6.35s | Macro-F1: 70.8% | Seller: 68.5% | Total: 100.0% | Item-R: 100.0%
[118/499] mcocr_public_145013pzwfd.jpg | Latency: 9.31s | Macro-F1: 100.0% | Seller: 80.0% | Total: 100.0% | Item-R: 100.0%
[119/499] mcocr_public_145014bwelu.jpg | Latency: 7.49s | Macro-F1: 65.0% | Seller: 75.7% | Total: 0.0% | Item-R: 100.0%
[120/499] mcocr_public_145013hfxkr.jpg | Latency: 11.93s | Macro-F1: 95.0% | Seller: 100.0% | Total: 100.0% | Item-R: 100.0%
[121/499] mcocr_public_145014mzrbm.jpg | Latency: 5.41s | Macro-F1: 87.5% | Seller: 53.7% | Total: 100.0% | Item-R: 100.0%
[122/499] mcocr_public_145014jfyvi.jpg | Latency: 6.28s | Macro-F1: 100.0% | Seller: 95.5% | Total: 100.0% | Item-R: 100.0%
[123/499] mcocr_public_145014fhfxn.jpg | Latency: 4.81s | Macro-F1: 87.5% | Seller: 100.0% | Total: 100.0% | Item-R: 100.0%
[124/499] mcocr_public_145013rfcrv.jpg | Latency: 10.16s | Macro-F1: 87.5% | Seller: 100.0% | Total: 100.0% | Item-R: 100.0%
[125/499] mcocr_val_145115lxjsb.jpg | Latency: 4.53s | Macro-F1: 87.5% | Seller: 15.8% | Total: 100.0% | Item-R: 100.0%
[126/499] mcocr_val_145115bieem.jpg | Latency: 2.63s | Macro-F1: 75.0% | Seller: 52.4% | Total: 100.0% | Item-R: 100.0%
[127/499] mcocr_public_145013lbslf.jpg | Latency: 9.77s | Macro-F1: 77.5% | Seller: 100.0% | Total: 100.0% | Item-R: 80.0%
[128/499] mcocr_public_145014mspcw.jpg | Latency: 4.7s | Macro-F1: 87.5% | Seller: 52.4% | Total: 100.0% | Item-R: 100.0%
[129/499] mcocr_public_145014ryyyw.jpg | Latency: 2.5s | Macro-F1: 50.0% | Seller: 30.3% | Total: 0.0% | Item-R: 100.0%
[130/499] mcocr_public_145014qozsl.jpg | Latency: 4.86s | Macro-F1: 87.5% | Seller: 100.0% | Total: 100.0% | Item-R: 100.0%
[131/499] mcocr_public_145014elcju.jpg | Latency: 4.79s | Macro-F1: 75.0% | Seller: 75.0% | Total: 0.0% | Item-R: 100.0%
[132/499] mcocr_public_145014zbpki.jpg | Latency: 6.05s | Macro-F1: 87.5% | Seller: 66.7% | Total: 100.0% | Item-R: 100.0%
[133/499] mcocr_public_145013njyzj.jpg | Latency: 7.76s | Macro-F1: 76.2% | Seller: 12.5% | Total: 100.0% | Item-R: 100.0%
[134/499] mcocr_public_145014lmarv.jpg | Latency: 9.03s | Macro-F1: 82.1% | Seller: 100.0% | Total: 0.0% | Item-R: 100.0%
[135/499] mcocr_public_145013cixex.jpg | Latency: 15.91s | Macro-F1: 82.1% | Seller: 100.0% | Total: 100.0% | Item-R: 100.0%
[136/499] mcocr_public_145013tvyce.jpg | Latency: 4.35s | Macro-F1: 83.3% | Seller: 100.0% | Total: 100.0% | Item-R: 50.0%
[137/499] mcocr_val_145115kkuee.jpg | Latency: 8.64s | Macro-F1: 60.0% | Seller: 0.0% | Total: 100.0% | Item-R: 100.0%
[138/499] mcocr_public_145014ltwth.jpg | Latency: 6.76s | Macro-F1: 75.0% | Seller: 100.0% | Total: 0.0% | Item-R: 100.0%
[139/499] mcocr_val_145115sxwhn.jpg | Latency: 7.46s | Macro-F1: 83.3% | Seller: 100.0% | Total: 0.0% | Item-R: 100.0%
[140/499] mcocr_public_145014vyosv.jpg | Latency: 10.64s | Macro-F1: 25.0% | Seller: 100.0% | Total: 0.0% | Item-R: 0.0%
[141/499] mcocr_public_145013jyzhp.jpg | Latency: 6.15s | Macro-F1: 100.0% | Seller: 94.1% | Total: 100.0% | Item-R: 100.0%
[142/499] mcocr_val_145115xhlou.jpg | Latency: 4.76s | Macro-F1: 100.0% | Seller: 100.0% | Total: 100.0% | Item-R: 100.0%
[143/499] mcocr_val_145115ardez.jpg | Latency: 2.87s | Macro-F1: 75.0% | Seller: 43.1% | Total: 100.0% | Item-R: 100.0%
[144/499] mcocr_public_145013ihpxr.jpg | Latency: 11.78s | Macro-F1: 86.4% | Seller: 100.0% | Total: 0.0% | Item-R: 100.0%
[145/499] mcocr_public_145014rrbnn.jpg | Latency: 14.8s | Macro-F1: 61.3% | Seller: 100.0% | Total: 0.0% | Item-R: 100.0%
[146/499] mcocr_public_145013mwcaz.jpg | Latency: 2.47s | Macro-F1: 75.0% | Seller: 100.0% | Total: 0.0% | Item-R: 100.0%
[147/499] mcocr_public_145014hyfyd.jpg | Latency: 7.69s | Macro-F1: 12.5% | Seller: 16.7% | Total: 100.0% | Item-R: 0.0%
[148/499] mcocr_public_145013msokr.jpg | Latency: 22.5s | Macro-F1: 78.6% | Seller: 82.6% | Total: 100.0% | Item-R: 100.0%
[149/499] mcocr_public_145014jvifr.jpg | Latency: 5.92s | Macro-F1: 100.0% | Seller: 100.0% | Total: 100.0% | Item-R: 100.0%
[150/499] mcocr_val_145115zpcjo.jpg | Latency: 6.64s | Macro-F1: 100.0% | Seller: 100.0% | Total: 100.0% | Item-R: 100.0%
[151/499] mcocr_public_145014ompih.jpg | Latency: 9.45s | Macro-F1: 68.5% | Seller: 50.0% | Total: 100.0% | Item-R: 100.0%
[152/499] mcocr_val_145115vxzfr.jpg | Latency: 7.17s | Macro-F1: 70.8% | Seller: 100.0% | Total: 100.0% | Item-R: 66.7%
[153/499] mcocr_public_145013jechb.jpg | Latency: 9.2s | Macro-F1: 75.0% | Seller: 57.1% | Total: 100.0% | Item-R: 100.0%
[154/499] mcocr_public_145014ivclx.jpg | Latency: 8.6s | Macro-F1: 79.2% | Seller: 100.0% | Total: 100.0% | Item-R: 71.4%
[155/499] mcocr_public_145014cryzd.jpg | Latency: 29.85s | Macro-F1: 0.0% | Seller: 0.0% | Total: 0.0% | Item-R: 0.0%
[156/499] mcocr_public_145014zuarq.jpg | Latency: 7.31s | Macro-F1: 77.5% | Seller: 18.2% | Total: 100.0% | Item-R: 100.0%
[157/499] mcocr_public_145014gcmnd.jpg | Latency: 14.25s | Macro-F1: 56.2% | Seller: 100.0% | Total: 100.0% | Item-R: 37.5%
[158/499] mcocr_public_145013gxbkt.jpg | Latency: 8.07s | Macro-F1: 51.4% | Seller: 92.3% | Total: 0.0% | Item-R: 33.3%
[159/499] mcocr_public_145013vpqnu.jpg | Latency: 4.86s | Macro-F1: 100.0% | Seller: 100.0% | Total: 100.0% | Item-R: 100.0%
[160/499] mcocr_val_145115acweu.jpg | Latency: 12.79s | Macro-F1: 87.5% | Seller: 100.0% | Total: 0.0% | Item-R: 100.0%
[161/499] mcocr_public_145013xyaln.jpg | Latency: 4.75s | Macro-F1: 75.0% | Seller: 40.7% | Total: 100.0% | Item-R: 100.0%
[162/499] mcocr_public_145014zdfgy.jpg | Latency: 3.79s | Macro-F1: 50.0% | Seller: 20.2% | Total: 0.0% | Item-R: 100.0%
[163/499] mcocr_public_145014tmkco.jpg | Latency: 11.6s | Macro-F1: 73.9% | Seller: 52.4% | Total: 100.0% | Item-R: 100.0%
[164/499] mcocr_public_145014iksot.jpg | Latency: 24.98s | Macro-F1: 34.4% | Seller: 15.8% | Total: 100.0% | Item-R: 72.7%
[165/499] mcocr_public_145013ckwpd.jpg | Latency: 4.83s | Macro-F1: 70.8% | Seller: 45.8% | Total: 0.0% | Item-R: 50.0%
[166/499] mcocr_public_145014sydpm.jpg | Latency: 10.43s | Macro-F1: 87.5% | Seller: 100.0% | Total: 0.0% | Item-R: 100.0%
[167/499] mcocr_public_145013hrtto.jpg | Latency: 6.15s | Macro-F1: 87.5% | Seller: 52.4% | Total: 100.0% | Item-R: 100.0%
[168/499] mcocr_val_145115ukrpg.jpg | Latency: 17.7s | Macro-F1: 51.2% | Seller: 100.0% | Total: 100.0% | Item-R: 63.6%
[169/499] mcocr_val_145115xldoo.jpg | Latency: 4.74s | Macro-F1: 75.0% | Seller: 79.4% | Total: 100.0% | Item-R: 100.0%
[170/499] mcocr_public_145014xyzwl.jpg | Latency: 6.71s | Macro-F1: 75.0% | Seller: 52.4% | Total: 0.0% | Item-R: 100.0%
[171/499] mcocr_public_145014kolbk.jpg | Latency: 5.99s | Macro-F1: 100.0% | Seller: 94.1% | Total: 100.0% | Item-R: 100.0%
[172/499] mcocr_public_145014ofqlt.jpg | Latency: 7.21s | Macro-F1: 25.0% | Seller: 16.7% | Total: 100.0% | Item-R: 0.0%
[173/499] mcocr_public_145014rtorl.jpg | Latency: 4.98s | Macro-F1: 75.0% | Seller: 100.0% | Total: 0.0% | Item-R: 100.0%
[174/499] mcocr_val_145115uovzj.jpg | Latency: 6.35s | Macro-F1: 87.5% | Seller: 100.0% | Total: 100.0% | Item-R: 100.0%
[175/499] mcocr_val_145114qcosd.jpg | Latency: 2.46s | Macro-F1: 62.5% | Seller: 100.0% | Total: 0.0% | Item-R: 100.0%
[176/499] mcocr_val_145115dvysp.jpg | Latency: 8.32s | Macro-F1: 87.5% | Seller: 49.0% | Total: 100.0% | Item-R: 100.0%
[177/499] mcocr_public_145014crsgq.jpg | Latency: 5.1s | Macro-F1: 75.0% | Seller: 84.2% | Total: 0.0% | Item-R: 100.0%
[178/499] mcocr_public_145014gndox.jpg | Latency: 4.88s | Macro-F1: 87.5% | Seller: 50.0% | Total: 100.0% | Item-R: 100.0%
[179/499] mcocr_public_145013wkuuf.jpg | Latency: 4.75s | Macro-F1: 100.0% | Seller: 94.1% | Total: 100.0% | Item-R: 100.0%
[180/499] mcocr_public_145014udhjy.jpg | Latency: 10.59s | Macro-F1: 25.0% | Seller: 100.0% | Total: 0.0% | Item-R: 0.0%
[181/499] mcocr_public_145014epvwk.jpg | Latency: 2.72s | Macro-F1: 75.0% | Seller: 45.8% | Total: 100.0% | Item-R: 100.0%
[182/499] mcocr_public_145014niegm.jpg | Latency: 5.91s | Macro-F1: 75.0% | Seller: 57.1% | Total: 100.0% | Item-R: 100.0%
[183/499] mcocr_public_145013hewxu.jpg | Latency: 8.39s | Macro-F1: 75.0% | Seller: 39.3% | Total: 0.0% | Item-R: 100.0%
[184/499] mcocr_val_145115klmhe.jpg | Latency: 4.57s | Macro-F1: 62.5% | Seller: 44.0% | Total: 100.0% | Item-R: 100.0%
[185/499] mcocr_val_145115ftati.jpg | Latency: 6.09s | Macro-F1: 50.0% | Seller: 100.0% | Total: 100.0% | Item-R: 0.0%
[186/499] mcocr_public_145013hgrpn.jpg | Latency: 5.94s | Macro-F1: 56.2% | Seller: 93.8% | Total: 100.0% | Item-R: 50.0%
[187/499] mcocr_val_145115lwwhx.jpg | Latency: 5.33s | Macro-F1: 75.0% | Seller: 100.0% | Total: 100.0% | Item-R: 100.0%
[188/499] mcocr_public_145014fltno.jpg | Latency: 4.73s | Macro-F1: 75.0% | Seller: 20.0% | Total: 0.0% | Item-R: 100.0%
[189/499] mcocr_val_145114hexkn.jpg | Latency: 6.44s | Macro-F1: 83.3% | Seller: 100.0% | Total: 100.0% | Item-R: 100.0%
[190/499] mcocr_val_145115cessj.jpg | Latency: 4.58s | Macro-F1: 100.0% | Seller: 100.0% | Total: 100.0% | Item-R: 100.0%
[191/499] mcocr_public_145014fhimy.jpg | Latency: 10.38s | Macro-F1: 87.5% | Seller: 100.0% | Total: 100.0% | Item-R: 100.0%
[192/499] mcocr_val_145115iyrjm.jpg | Latency: 4.84s | Macro-F1: 100.0% | Seller: 100.0% | Total: 100.0% | Item-R: 100.0%
[193/499] mcocr_public_145014pgkzd.jpg | Latency: 7.49s | Macro-F1: 65.0% | Seller: 75.7% | Total: 0.0% | Item-R: 100.0%
[194/499] mcocr_public_145013qwmeo.jpg | Latency: 6.3s | Macro-F1: 75.0% | Seller: 76.9% | Total: 0.0% | Item-R: 100.0%
[195/499] mcocr_public_145013zpvng.jpg | Latency: 6.67s | Macro-F1: 87.5% | Seller: 100.0% | Total: 0.0% | Item-R: 100.0%
[196/499] mcocr_val_145115fdkxk.jpg | Latency: 6.11s | Macro-F1: 25.0% | Seller: 48.9% | Total: 0.0% | Item-R: 50.0%
[197/499] mcocr_public_145014ukewl.jpg | Latency: 6.06s | Macro-F1: 100.0% | Seller: 94.1% | Total: 100.0% | Item-R: 100.0%
[198/499] mcocr_public_145014jpdxp.jpg | Latency: 13.44s | Macro-F1: 70.8% | Seller: 90.6% | Total: 100.0% | Item-R: 100.0%
[199/499] mcocr_public_145013iblsz.jpg | Latency: 7.56s | Macro-F1: 87.5% | Seller: 100.0% | Total: 100.0% | Item-R: 100.0%
[200/499] mcocr_public_145014rdcoj.jpg | Latency: 6.46s | Macro-F1: 75.0% | Seller: 50.0% | Total: 0.0% | Item-R: 100.0%
[201/499] mcocr_public_145014wnpbo.jpg | Latency: 16.64s | Macro-F1: 12.5% | Seller: 0.0% | Total: 0.0% | Item-R: 0.0%
[202/499] mcocr_public_145014edwpt.jpg | Latency: 8.64s | Macro-F1: 87.5% | Seller: 100.0% | Total: 100.0% | Item-R: 100.0%
[203/499] mcocr_public_145014zrswr.jpg | Latency: 4.87s | Macro-F1: 87.5% | Seller: 45.8% | Total: 100.0% | Item-R: 100.0%
[204/499] mcocr_val_145115kshez.jpg | Latency: 8.37s | Macro-F1: 50.0% | Seller: 44.0% | Total: 100.0% | Item-R: 100.0%
[205/499] mcocr_public_145014bxkli.jpg | Latency: 4.22s | Macro-F1: 87.5% | Seller: 100.0% | Total: 100.0% | Item-R: 100.0%
[206/499] mcocr_val_145115yxrtp.jpg | Latency: 5.97s | Macro-F1: 100.0% | Seller: 94.1% | Total: 100.0% | Item-R: 100.0%
[207/499] mcocr_public_145014iwkki.jpg | Latency: 4.83s | Macro-F1: 87.5% | Seller: 100.0% | Total: 0.0% | Item-R: 100.0%
[208/499] mcocr_val_145115eqtqa.jpg | Latency: 4.37s | Macro-F1: 62.5% | Seller: 43.1% | Total: 0.0% | Item-R: 100.0%
[209/499] mcocr_val_145115aeiqh.jpg | Latency: 6.14s | Macro-F1: 100.0% | Seller: 94.1% | Total: 100.0% | Item-R: 100.0%
[210/499] mcocr_val_145115pthcj.jpg | Latency: 3.16s | Macro-F1: 50.0% | Seller: 16.7% | Total: 100.0% | Item-R: 0.0%
[211/499] mcocr_public_145013egffi.jpg | Latency: 5.93s | Macro-F1: 100.0% | Seller: 94.1% | Total: 100.0% | Item-R: 100.0%
[212/499] mcocr_val_145114uwzzt.jpg | Latency: 8.45s | Macro-F1: 58.3% | Seller: 62.5% | Total: 0.0% | Item-R: 100.0%
[213/499] mcocr_val_145115mxpds.jpg | Latency: 5.33s | Macro-F1: 75.0% | Seller: 53.7% | Total: 0.0% | Item-R: 100.0%
[214/499] mcocr_val_145115havhi.jpg | Latency: 5.75s | Macro-F1: 62.5% | Seller: 55.7% | Total: 0.0% | Item-R: 100.0%
[215/499] mcocr_public_145014knafb.jpg | Latency: 6.19s | Macro-F1: 91.7% | Seller: 95.5% | Total: 100.0% | Item-R: 100.0%
[216/499] mcocr_val_145114hikwd.jpg | Latency: 10.28s | Macro-F1: 72.5% | Seller: 100.0% | Total: 100.0% | Item-R: 80.0%
[217/499] mcocr_public_145013rrmow.jpg | Latency: 9.04s | Macro-F1: 91.7% | Seller: 94.1% | Total: 100.0% | Item-R: 100.0%
[218/499] mcocr_public_145014zncnq.jpg | Latency: 7.73s | Macro-F1: 100.0% | Seller: 94.1% | Total: 100.0% | Item-R: 100.0%
[219/499] mcocr_public_145013xzfut.jpg | Latency: 6.3s | Macro-F1: 75.0% | Seller: 44.0% | Total: 100.0% | Item-R: 100.0%
[220/499] mcocr_public_145014ayyud.jpg | Latency: 4.56s | Macro-F1: 62.5% | Seller: 33.3% | Total: 100.0% | Item-R: 100.0%
[221/499] mcocr_public_145014idsgm.jpg | Latency: 29.86s | Macro-F1: 0.0% | Seller: 0.0% | Total: 0.0% | Item-R: 0.0%
[222/499] mcocr_public_145014qofcz.jpg | Latency: 2.35s | Macro-F1: 62.5% | Seller: 45.8% | Total: 100.0% | Item-R: 100.0%
[223/499] mcocr_public_145013rtjsr.jpg | Latency: 13.29s | Macro-F1: 35.0% | Seller: 43.9% | Total: 100.0% | Item-R: 22.2%
[224/499] mcocr_public_145013kbhkb.jpg | Latency: 11.1s | Macro-F1: 100.0% | Seller: 100.0% | Total: 100.0% | Item-R: 100.0%
[225/499] mcocr_public_145013bchvc.jpg | Latency: 8.33s | Macro-F1: 87.5% | Seller: 100.0% | Total: 100.0% | Item-R: 100.0%
[226/499] mcocr_public_145013uomce.jpg | Latency: 4.66s | Macro-F1: 87.5% | Seller: 100.0% | Total: 100.0% | Item-R: 100.0%
[227/499] mcocr_public_145014nukhy.jpg | Latency: 5.99s | Macro-F1: 75.0% | Seller: 94.1% | Total: 100.0% | Item-R: 100.0%
[228/499] mcocr_val_145115jetch.jpg | Latency: 16.45s | Macro-F1: 62.5% | Seller: 100.0% | Total: 0.0% | Item-R: 100.0%
[229/499] mcocr_public_145014ubcjg.jpg | Latency: 9.63s | Macro-F1: 65.6% | Seller: 49.0% | Total: 100.0% | Item-R: 100.0%
[230/499] mcocr_public_145014gniax.jpg | Latency: 9.24s | Macro-F1: 80.4% | Seller: 45.8% | Total: 100.0% | Item-R: 100.0%
[231/499] mcocr_public_145013zcscc.jpg | Latency: 5.35s | Macro-F1: 81.2% | Seller: 92.3% | Total: 100.0% | Item-R: 33.3%
[232/499] mcocr_public_145014kncdk.jpg | Latency: 8.73s | Macro-F1: 100.0% | Seller: 100.0% | Total: 100.0% | Item-R: 100.0%
[233/499] mcocr_public_145014bqwna.jpg | Latency: 11.59s | Macro-F1: 87.5% | Seller: 100.0% | Total: 100.0% | Item-R: 100.0%
[234/499] mcocr_public_145013sqwxo.jpg | Latency: 2.28s | Macro-F1: 75.0% | Seller: 100.0% | Total: 100.0% | Item-R: 100.0%
[235/499] mcocr_public_145014euevz.jpg | Latency: 4.39s | Macro-F1: 75.0% | Seller: 44.0% | Total: 100.0% | Item-R: 100.0%
[236/499] mcocr_public_145014gqaum.jpg | Latency: 4.83s | Macro-F1: 87.5% | Seller: 12.5% | Total: 100.0% | Item-R: 100.0%
[237/499] mcocr_val_145115bttrw.jpg | Latency: 4.51s | Macro-F1: 100.0% | Seller: 100.0% | Total: 100.0% | Item-R: 100.0%
[238/499] mcocr_public_145014dplaq.jpg | Latency: 4.17s | Macro-F1: 100.0% | Seller: 100.0% | Total: 100.0% | Item-R: 100.0%
[239/499] mcocr_public_145014rdhuo.jpg | Latency: 5.22s | Macro-F1: 83.3% | Seller: 52.4% | Total: 100.0% | Item-R: 50.0%
[240/499] mcocr_public_145013vilkn.jpg | Latency: 10.39s | Macro-F1: 25.0% | Seller: 100.0% | Total: 0.0% | Item-R: 0.0%
[241/499] mcocr_public_145014nwpjb.jpg | Latency: 10.04s | Macro-F1: 100.0% | Seller: 100.0% | Total: 100.0% | Item-R: 100.0%
[242/499] mcocr_public_145014xzqlh.jpg | Latency: 2.37s | Macro-F1: 75.0% | Seller: 100.0% | Total: 100.0% | Item-R: 100.0%
[243/499] mcocr_public_145014pmcli.jpg | Latency: 8.37s | Macro-F1: 95.8% | Seller: 100.0% | Total: 100.0% | Item-R: 100.0%
[244/499] mcocr_val_145115shjvb.jpg | Latency: 4.74s | Macro-F1: 87.5% | Seller: 100.0% | Total: 100.0% | Item-R: 100.0%
[245/499] mcocr_public_145014esieu.jpg | Latency: 15.92s | Macro-F1: 59.2% | Seller: 13.3% | Total: 0.0% | Item-R: 100.0%
[246/499] mcocr_public_145014jfncf.jpg | Latency: 4.68s | Macro-F1: 87.5% | Seller: 100.0% | Total: 100.0% | Item-R: 100.0%
[247/499] mcocr_public_145013zrrly.jpg | Latency: 5.85s | Macro-F1: 70.8% | Seller: 39.3% | Total: 100.0% | Item-R: 100.0%
[248/499] mcocr_val_145115jqdkf.jpg | Latency: 7.6s | Macro-F1: 100.0% | Seller: 80.0% | Total: 100.0% | Item-R: 100.0%
[249/499] mcocr_public_145014jbchc.jpg | Latency: 16.46s | Macro-F1: 75.0% | Seller: 100.0% | Total: 100.0% | Item-R: 100.0%
[250/499] mcocr_public_145014pkgap.jpg | Latency: 6.04s | Macro-F1: 75.0% | Seller: 100.0% | Total: 100.0% | Item-R: 100.0%
[251/499] mcocr_public_145014cmafd.jpg | Latency: 6.77s | Macro-F1: 100.0% | Seller: 80.6% | Total: 100.0% | Item-R: 100.0%
[252/499] mcocr_val_145115hspyd.jpg | Latency: 30.03s | Macro-F1: 0.0% | Seller: 0.0% | Total: 0.0% | Item-R: 0.0%
[253/499] mcocr_public_145013lozjt.jpg | Latency: 11.2s | Macro-F1: 100.0% | Seller: 94.1% | Total: 100.0% | Item-R: 100.0%
[254/499] mcocr_public_145014kscfa.jpg | Latency: 4.82s | Macro-F1: 62.5% | Seller: 45.8% | Total: 0.0% | Item-R: 100.0%
[255/499] mcocr_val_145115zmeez.jpg | Latency: 2.74s | Macro-F1: 75.0% | Seller: 16.7% | Total: 100.0% | Item-R: 100.0%
[256/499] mcocr_public_145014xbjfb.jpg | Latency: 4.5s | Macro-F1: 37.5% | Seller: 0.0% | Total: 100.0% | Item-R: 100.0%
[257/499] mcocr_public_145014buspt.jpg | Latency: 11.01s | Macro-F1: 80.6% | Seller: 92.3% | Total: 100.0% | Item-R: 100.0%
[258/499] mcocr_public_145014btidj.jpg | Latency: 12.03s | Macro-F1: 42.5% | Seller: 100.0% | Total: 0.0% | Item-R: 100.0%
[259/499] mcocr_public_145013euvfm.jpg | Latency: 17.42s | Macro-F1: 75.0% | Seller: 100.0% | Total: 100.0% | Item-R: 100.0%
[260/499] mcocr_public_145014bpeci.jpg | Latency: 2.18s | Macro-F1: 50.0% | Seller: 18.2% | Total: 0.0% | Item-R: 100.0%
[261/499] mcocr_public_145014depsq.jpg | Latency: 7.31s | Macro-F1: 97.5% | Seller: 94.1% | Total: 100.0% | Item-R: 100.0%
[262/499] mcocr_public_145013mctzs.jpg | Latency: 4.39s | Macro-F1: 87.5% | Seller: 100.0% | Total: 100.0% | Item-R: 100.0%
[263/499] mcocr_public_145014jlxnp.jpg | Latency: 4.78s | Macro-F1: 87.5% | Seller: 100.0% | Total: 100.0% | Item-R: 100.0%
[264/499] mcocr_val_145115zqplz.jpg | Latency: 12.16s | Macro-F1: 56.7% | Seller: 66.7% | Total: 100.0% | Item-R: 66.7%
[265/499] mcocr_val_145115ysuvc.jpg | Latency: 4.51s | Macro-F1: 87.5% | Seller: 100.0% | Total: 100.0% | Item-R: 100.0%
[266/499] mcocr_public_145014ewdtv.jpg | Latency: 5.99s | Macro-F1: 62.5% | Seller: 50.0% | Total: 100.0% | Item-R: 50.0%
[267/499] mcocr_public_145014tfbnr.jpg | Latency: 7.83s | Macro-F1: 62.5% | Seller: 61.9% | Total: 0.0% | Item-R: 100.0%
[268/499] mcocr_val_145115deeje.jpg | Latency: 9.8s | Macro-F1: 100.0% | Seller: 100.0% | Total: 100.0% | Item-R: 100.0%
[269/499] mcocr_public_145014yhgfq.jpg | Latency: 10.28s | Macro-F1: 50.0% | Seller: 100.0% | Total: 100.0% | Item-R: 100.0%
[270/499] mcocr_public_145014enxgn.jpg | Latency: 4.98s | Macro-F1: 75.0% | Seller: 50.0% | Total: 0.0% | Item-R: 100.0%
[271/499] mcocr_val_145115kqczg.jpg | Latency: 5.29s | Macro-F1: 75.0% | Seller: 100.0% | Total: 100.0% | Item-R: 100.0%
[272/499] mcocr_val_145115vfxzi.jpg | Latency: 7.27s | Macro-F1: 80.0% | Seller: 100.0% | Total: 100.0% | Item-R: 100.0%
[273/499] mcocr_public_145013sihqk.jpg | Latency: 2.5s | Macro-F1: 50.0% | Seller: 12.5% | Total: 0.0% | Item-R: 100.0%
[274/499] mcocr_public_145014tpwuk.jpg | Latency: 8.61s | Macro-F1: 56.2% | Seller: 89.2% | Total: 100.0% | Item-R: 50.0%
[275/499] mcocr_public_145014vjvjt.jpg | Latency: 4.71s | Macro-F1: 100.0% | Seller: 100.0% | Total: 100.0% | Item-R: 100.0%
[276/499] mcocr_public_145014btewf.jpg | Latency: 5.66s | Macro-F1: 87.5% | Seller: 69.0% | Total: 100.0% | Item-R: 100.0%
[277/499] mcocr_public_145014abbay.jpg | Latency: 5.62s | Macro-F1: 62.5% | Seller: 50.3% | Total: 0.0% | Item-R: 100.0%
[278/499] mcocr_val_145115yfvgw.jpg | Latency: 8.03s | Macro-F1: 87.5% | Seller: 50.0% | Total: 100.0% | Item-R: 100.0%
[279/499] mcocr_val_145115bytlk.jpg | Latency: 8.47s | Macro-F1: 75.0% | Seller: 100.0% | Total: 0.0% | Item-R: 100.0%
[280/499] mcocr_public_145013xczvp.jpg | Latency: 8.6s | Macro-F1: 75.0% | Seller: 100.0% | Total: 0.0% | Item-R: 100.0%
[281/499] mcocr_public_145013vmxho.jpg | Latency: 4.56s | Macro-F1: 87.5% | Seller: 50.0% | Total: 100.0% | Item-R: 100.0%
[282/499] mcocr_public_145013alybg.jpg | Latency: 13.32s | Macro-F1: 80.4% | Seller: 100.0% | Total: 100.0% | Item-R: 85.7%
[283/499] mcocr_val_145115jafwy.jpg | Latency: 3.34s | Macro-F1: 62.5% | Seller: 45.8% | Total: 0.0% | Item-R: 100.0%
[284/499] mcocr_public_145014vymtd.jpg | Latency: 10.25s | Macro-F1: 87.5% | Seller: 100.0% | Total: 100.0% | Item-R: 100.0%
[285/499] mcocr_val_145115bcojo.jpg | Latency: 4.54s | Macro-F1: 75.0% | Seller: 100.0% | Total: 100.0% | Item-R: 100.0%
[286/499] mcocr_public_145014aprcw.jpg | Latency: 16.02s | Macro-F1: 59.4% | Seller: 100.0% | Total: 0.0% | Item-R: 91.7%
[287/499] mcocr_public_145014uevcn.jpg | Latency: 4.62s | Macro-F1: 100.0% | Seller: 83.3% | Total: 100.0% | Item-R: 100.0%
[288/499] mcocr_public_145014qlemc.jpg | Latency: 11.52s | Macro-F1: 37.5% | Seller: 0.0% | Total: 100.0% | Item-R: 50.0%
[289/499] mcocr_val_145115fqwje.jpg | Latency: 9.3s | Macro-F1: 75.0% | Seller: 20.2% | Total: 100.0% | Item-R: 100.0%
[290/499] mcocr_public_145013zykbw.jpg | Latency: 4.42s | Macro-F1: 87.5% | Seller: 100.0% | Total: 0.0% | Item-R: 100.0%
[291/499] mcocr_public_145014qaueg.jpg | Latency: 10.43s | Macro-F1: 100.0% | Seller: 100.0% | Total: 100.0% | Item-R: 100.0%
[292/499] mcocr_public_145014xpidv.jpg | Latency: 6.6s | Macro-F1: 70.8% | Seller: 0.0% | Total: 100.0% | Item-R: 100.0%
[293/499] mcocr_public_145014ikibc.jpg | Latency: 7.69s | Macro-F1: 87.5% | Seller: 94.1% | Total: 100.0% | Item-R: 100.0%
[294/499] mcocr_val_145114vuumj.jpg | Latency: 6.55s | Macro-F1: 87.5% | Seller: 43.1% | Total: 100.0% | Item-R: 100.0%
[295/499] mcocr_val_145115wssmm.jpg | Latency: 7.34s | Macro-F1: 62.5% | Seller: 100.0% | Total: 0.0% | Item-R: 66.7%
[296/499] mcocr_public_145014njsyx.jpg | Latency: 6.46s | Macro-F1: 80.0% | Seller: 80.6% | Total: 100.0% | Item-R: 100.0%
[297/499] mcocr_public_145014ptuuq.jpg | Latency: 4.78s | Macro-F1: 87.5% | Seller: 45.8% | Total: 100.0% | Item-R: 100.0%
[298/499] mcocr_public_145013lxunp.jpg | Latency: 7.79s | Macro-F1: 87.5% | Seller: 45.8% | Total: 100.0% | Item-R: 100.0%
[299/499] mcocr_val_145114lbdpw.jpg | Latency: 4.74s | Macro-F1: 75.0% | Seller: 100.0% | Total: 0.0% | Item-R: 100.0%
[300/499] mcocr_public_145014imncc.jpg | Latency: 5.72s | Macro-F1: 47.5% | Seller: 100.0% | Total: 0.0% | Item-R: 66.7%
[301/499] mcocr_public_145014iqlqw.jpg | Latency: 9.88s | Macro-F1: 87.5% | Seller: 100.0% | Total: 100.0% | Item-R: 100.0%
[302/499] mcocr_public_145014mmnhi.jpg | Latency: 13.86s | Macro-F1: 75.0% | Seller: 100.0% | Total: 0.0% | Item-R: 100.0%
[303/499] mcocr_public_145014etlhn.jpg | Latency: 7.82s | Macro-F1: 42.5% | Seller: 100.0% | Total: 100.0% | Item-R: 50.0%
[304/499] mcocr_public_145014kupdx.jpg | Latency: 5.99s | Macro-F1: 87.5% | Seller: 100.0% | Total: 100.0% | Item-R: 100.0%
[305/499] mcocr_val_145115whuii.jpg | Latency: 2.47s | Macro-F1: 62.5% | Seller: 18.2% | Total: 100.0% | Item-R: 100.0%
[306/499] mcocr_public_145013pnbza.jpg | Latency: 2.95s | Macro-F1: 75.0% | Seller: 18.2% | Total: 100.0% | Item-R: 100.0%
[307/499] mcocr_public_145014khrvg.jpg | Latency: 13.68s | Macro-F1: 77.1% | Seller: 100.0% | Total: 100.0% | Item-R: 100.0%
[308/499] mcocr_public_145013lxdbt.jpg | Latency: 7.3s | Macro-F1: 87.5% | Seller: 100.0% | Total: 100.0% | Item-R: 100.0%
[309/499] mcocr_public_145013blbqm.jpg | Latency: 8.37s | Macro-F1: 100.0% | Seller: 100.0% | Total: 100.0% | Item-R: 100.0%
[310/499] mcocr_public_145014jqtcw.jpg | Latency: 5.93s | Macro-F1: 87.5% | Seller: 100.0% | Total: 100.0% | Item-R: 100.0%
[311/499] mcocr_public_145014iwujb.jpg | Latency: 17.24s | Macro-F1: 53.6% | Seller: 74.3% | Total: 100.0% | Item-R: 77.8%
[312/499] mcocr_public_145013kgypr.jpg | Latency: 6.01s | Macro-F1: 43.8% | Seller: 15.8% | Total: 100.0% | Item-R: 50.0%
[313/499] mcocr_val_145115hhgju.jpg | Latency: 3.98s | Macro-F1: 100.0% | Seller: 82.4% | Total: 100.0% | Item-R: 100.0%
[314/499] mcocr_public_145013xaojq.jpg | Latency: 4.77s | Macro-F1: 100.0% | Seller: 100.0% | Total: 100.0% | Item-R: 100.0%
[315/499] mcocr_public_145014wxpyg.jpg | Latency: 4.4s | Macro-F1: 81.2% | Seller: 100.0% | Total: 100.0% | Item-R: 33.3%
[316/499] mcocr_public_145013cxcei.jpg | Latency: 4.75s | Macro-F1: 87.5% | Seller: 100.0% | Total: 100.0% | Item-R: 100.0%
[317/499] mcocr_public_145013byufi.jpg | Latency: 5.72s | Macro-F1: 79.2% | Seller: 100.0% | Total: 100.0% | Item-R: 100.0%
[318/499] mcocr_public_145013vfius.jpg | Latency: 7.28s | Macro-F1: 87.5% | Seller: 66.7% | Total: 100.0% | Item-R: 100.0%
[319/499] mcocr_public_145013jiksh.jpg | Latency: 4.89s | Macro-F1: 62.5% | Seller: 43.1% | Total: 0.0% | Item-R: 100.0%
[320/499] mcocr_val_145115cyzle.jpg | Latency: 6.87s | Macro-F1: 58.3% | Seller: 0.0% | Total: 100.0% | Item-R: 66.7%
[321/499] mcocr_public_145014emeev.jpg | Latency: 10.13s | Macro-F1: 100.0% | Seller: 100.0% | Total: 100.0% | Item-R: 100.0%
[322/499] mcocr_public_145014sfktp.jpg | Latency: 15.74s | Macro-F1: 60.5% | Seller: 100.0% | Total: 100.0% | Item-R: 77.8%
[323/499] mcocr_val_145115okmoj.jpg | Latency: 11.33s | Macro-F1: 77.5% | Seller: 93.8% | Total: 100.0% | Item-R: 100.0%
[324/499] mcocr_public_145014qcesc.jpg | Latency: 11.75s | Macro-F1: 68.3% | Seller: 100.0% | Total: 100.0% | Item-R: 57.1%
[325/499] mcocr_public_145014ftydn.jpg | Latency: 6.08s | Macro-F1: 56.2% | Seller: 100.0% | Total: 100.0% | Item-R: 50.0%
[326/499] mcocr_val_145115ogztm.jpg | Latency: 4.49s | Macro-F1: 100.0% | Seller: 83.3% | Total: 100.0% | Item-R: 100.0%
[327/499] mcocr_public_145014edoty.jpg | Latency: 5.63s | Macro-F1: 56.2% | Seller: 100.0% | Total: 0.0% | Item-R: 100.0%
[328/499] mcocr_public_145014maadf.jpg | Latency: 2.18s | Macro-F1: 50.0% | Seller: 18.2% | Total: 0.0% | Item-R: 100.0%
[329/499] mcocr_public_145014vizbq.jpg | Latency: 4.62s | Macro-F1: 87.5% | Seller: 80.8% | Total: 0.0% | Item-R: 100.0%
[330/499] mcocr_public_145013iadlw.jpg | Latency: 8.16s | Macro-F1: 68.8% | Seller: 49.0% | Total: 100.0% | Item-R: 100.0%
[331/499] mcocr_public_145013adyee.jpg | Latency: 8.83s | Macro-F1: 87.5% | Seller: 100.0% | Total: 100.0% | Item-R: 100.0%
[332/499] mcocr_public_145013uqtmx.jpg | Latency: 4.67s | Macro-F1: 100.0% | Seller: 100.0% | Total: 100.0% | Item-R: 100.0%
[333/499] mcocr_public_145014vfxry.jpg | Latency: 5.62s | Macro-F1: 75.0% | Seller: 69.0% | Total: 100.0% | Item-R: 100.0%
[334/499] mcocr_public_145014hmdtg.jpg | Latency: 10.71s | Macro-F1: 88.1% | Seller: 95.4% | Total: 100.0% | Item-R: 100.0%
[335/499] mcocr_public_145014pyhgf.jpg | Latency: 8.54s | Macro-F1: 53.6% | Seller: 49.0% | Total: 100.0% | Item-R: 100.0%
[336/499] mcocr_public_145013hzddg.jpg | Latency: 4.86s | Macro-F1: 87.5% | Seller: 100.0% | Total: 100.0% | Item-R: 100.0%
[337/499] mcocr_public_145014nuhli.jpg | Latency: 9.25s | Macro-F1: 50.0% | Seller: 100.0% | Total: 100.0% | Item-R: 0.0%
[338/499] mcocr_public_145013kfxqd.jpg | Latency: 11.92s | Macro-F1: 53.1% | Seller: 100.0% | Total: 0.0% | Item-R: 100.0%
[339/499] mcocr_val_145115drrnr.jpg | Latency: 2.38s | Macro-F1: 62.5% | Seller: 43.1% | Total: 100.0% | Item-R: 100.0%
[340/499] mcocr_public_145013ptdjx.jpg | Latency: 4.52s | Macro-F1: 83.3% | Seller: 100.0% | Total: 100.0% | Item-R: 50.0%
[341/499] mcocr_val_145115dxgiq.jpg | Latency: 4.91s | Macro-F1: 87.5% | Seller: 100.0% | Total: 100.0% | Item-R: 100.0%
[342/499] mcocr_public_145013moepq.jpg | Latency: 4.63s | Macro-F1: 100.0% | Seller: 94.1% | Total: 100.0% | Item-R: 100.0%
[343/499] mcocr_public_145013bgfxq.jpg | Latency: 4.76s | Macro-F1: 100.0% | Seller: 100.0% | Total: 100.0% | Item-R: 100.0%
[344/499] mcocr_public_145014ocyhh.jpg | Latency: 6.62s | Macro-F1: 87.5% | Seller: 72.2% | Total: 100.0% | Item-R: 100.0%
[345/499] mcocr_val_145115habiv.jpg | Latency: 4.31s | Macro-F1: 100.0% | Seller: 100.0% | Total: 100.0% | Item-R: 100.0%
[346/499] mcocr_public_145013qqkij.jpg | Latency: 7.4s | Macro-F1: 58.3% | Seller: 100.0% | Total: 0.0% | Item-R: 66.7%
[347/499] mcocr_val_145115nckos.jpg | Latency: 4.23s | Macro-F1: 62.5% | Seller: 16.7% | Total: 100.0% | Item-R: 100.0%
[348/499] mcocr_public_145014znijb.jpg | Latency: 7.36s | Macro-F1: 54.2% | Seller: 66.7% | Total: 100.0% | Item-R: 33.3%
[349/499] mcocr_public_145014ychqi.jpg | Latency: 7.48s | Macro-F1: 100.0% | Seller: 100.0% | Total: 100.0% | Item-R: 100.0%
[350/499] mcocr_public_145014ofrbt.jpg | Latency: 9.11s | Macro-F1: 62.5% | Seller: 50.0% | Total: 100.0% | Item-R: 50.0%
[351/499] mcocr_val_145114xmicn.jpg | Latency: 9.58s | Macro-F1: 100.0% | Seller: 94.1% | Total: 100.0% | Item-R: 100.0%
[352/499] mcocr_val_145115jggpy.jpg | Latency: 9.12s | Macro-F1: 91.1% | Seller: 94.1% | Total: 100.0% | Item-R: 100.0%
[353/499] mcocr_public_145014vtqgy.jpg | Latency: 5.55s | Macro-F1: 83.3% | Seller: 100.0% | Total: 100.0% | Item-R: 100.0%
[354/499] mcocr_public_145014kljgu.jpg | Latency: 4.55s | Macro-F1: 100.0% | Seller: 100.0% | Total: 100.0% | Item-R: 100.0%
[355/499] mcocr_val_145115islqk.jpg | Latency: 8.31s | Macro-F1: 87.5% | Seller: 79.4% | Total: 100.0% | Item-R: 100.0%
[356/499] mcocr_public_145014diuoj.jpg | Latency: 8.77s | Macro-F1: 85.3% | Seller: 100.0% | Total: 100.0% | Item-R: 75.0%
[357/499] mcocr_public_145014dxvde.jpg | Latency: 6.69s | Macro-F1: 87.5% | Seller: 80.6% | Total: 100.0% | Item-R: 100.0%
[358/499] mcocr_val_145115nrgnd.jpg | Latency: 7.41s | Macro-F1: 37.5% | Seller: 49.0% | Total: 100.0% | Item-R: 33.3%
[359/499] mcocr_public_145014etdhs.jpg | Latency: 15.73s | Macro-F1: 49.2% | Seller: 66.7% | Total: 100.0% | Item-R: 71.4%
[360/499] mcocr_public_145014ysbpa.jpg | Latency: 29.95s | Macro-F1: 0.0% | Seller: 0.0% | Total: 0.0% | Item-R: 0.0%
[361/499] mcocr_public_145014hdquz.jpg | Latency: 9.42s | Macro-F1: 79.9% | Seller: 95.4% | Total: 100.0% | Item-R: 80.0%
[362/499] mcocr_public_145014jcmch.jpg | Latency: 2.91s | Macro-F1: 50.0% | Seller: 12.5% | Total: 0.0% | Item-R: 100.0%
[363/499] mcocr_public_145014lbzhz.jpg | Latency: 4.86s | Macro-F1: 100.0% | Seller: 94.1% | Total: 100.0% | Item-R: 100.0%
[364/499] mcocr_public_145014dxqop.jpg | Latency: 4.66s | Macro-F1: 37.5% | Seller: 50.0% | Total: 100.0% | Item-R: 0.0%
[365/499] mcocr_public_145013qmuqc.jpg | Latency: 7.59s | Macro-F1: 75.0% | Seller: 100.0% | Total: 100.0% | Item-R: 100.0%
[366/499] mcocr_val_145115ilmav.jpg | Latency: 26.6s | Macro-F1: 33.3% | Seller: 52.4% | Total: 0.0% | Item-R: 100.0%
[367/499] mcocr_public_145014xnezl.jpg | Latency: 4.77s | Macro-F1: 87.5% | Seller: 100.0% | Total: 0.0% | Item-R: 100.0%
[368/499] mcocr_public_145013tffpu.jpg | Latency: 29.98s | Macro-F1: 0.0% | Seller: 0.0% | Total: 0.0% | Item-R: 0.0%
[369/499] mcocr_public_145014qgcwi.jpg | Latency: 4.58s | Macro-F1: 100.0% | Seller: 100.0% | Total: 100.0% | Item-R: 100.0%
[370/499] mcocr_public_145013vullg.jpg | Latency: 25.65s | Macro-F1: 47.5% | Seller: 16.7% | Total: 100.0% | Item-R: 40.0%
[371/499] mcocr_public_145014miwkj.jpg | Latency: 6.08s | Macro-F1: 87.5% | Seller: 100.0% | Total: 100.0% | Item-R: 100.0%
[372/499] mcocr_public_145014blxif.jpg | Latency: 4.57s | Macro-F1: 70.8% | Seller: 44.0% | Total: 100.0% | Item-R: 50.0%
[373/499] mcocr_public_145013tmshn.jpg | Latency: 5.96s | Macro-F1: 64.6% | Seller: 92.3% | Total: 100.0% | Item-R: 50.0%
[374/499] mcocr_public_145013vbjnr.jpg | Latency: 10.37s | Macro-F1: 3.6% | Seller: 51.9% | Total: 0.0% | Item-R: 100.0%
[375/499] mcocr_public_145014mfmvh.jpg | Latency: 6.62s | Macro-F1: 100.0% | Seller: 100.0% | Total: 100.0% | Item-R: 100.0%
[376/499] mcocr_val_145115vbeyk.jpg | Latency: 13.14s | Macro-F1: 100.0% | Seller: 100.0% | Total: 100.0% | Item-R: 100.0%
[377/499] mcocr_public_145014fghbc.jpg | Latency: 4.51s | Macro-F1: 62.5% | Seller: 40.7% | Total: 0.0% | Item-R: 100.0%
[378/499] mcocr_val_145115limjy.jpg | Latency: 10.0s | Macro-F1: 85.7% | Seller: 78.4% | Total: 100.0% | Item-R: 100.0%
[379/499] mcocr_public_145013goyhg.jpg | Latency: 6.25s | Macro-F1: 87.5% | Seller: 66.7% | Total: 100.0% | Item-R: 100.0%
[380/499] mcocr_public_145014gsbke.jpg | Latency: 6.45s | Macro-F1: 75.0% | Seller: 9.8% | Total: 100.0% | Item-R: 100.0%
[381/499] mcocr_val_145115jiuzz.jpg | Latency: 4.4s | Macro-F1: 100.0% | Seller: 100.0% | Total: 100.0% | Item-R: 100.0%
[382/499] mcocr_public_145014ftlgi.jpg | Latency: 4.34s | Macro-F1: 100.0% | Seller: 100.0% | Total: 100.0% | Item-R: 100.0%
[383/499] mcocr_public_145014bjahl.jpg | Latency: 6.29s | Macro-F1: 75.0% | Seller: 61.9% | Total: 100.0% | Item-R: 100.0%
[384/499] mcocr_public_145014bfwhz.jpg | Latency: 6.01s | Macro-F1: 58.3% | Seller: 82.1% | Total: 0.0% | Item-R: 100.0%
[385/499] mcocr_val_145115xmvjr.jpg | Latency: 14.78s | Macro-F1: 77.3% | Seller: 100.0% | Total: 100.0% | Item-R: 85.7%
[386/499] mcocr_public_145014rxymg.jpg | Latency: 4.76s | Macro-F1: 87.5% | Seller: 100.0% | Total: 100.0% | Item-R: 100.0%
[387/499] mcocr_public_145014jiwoe.jpg | Latency: 8.83s | Macro-F1: 67.5% | Seller: 79.4% | Total: 100.0% | Item-R: 100.0%
[388/499] mcocr_public_145014wzcxq.jpg | Latency: 5.03s | Macro-F1: 87.5% | Seller: 39.3% | Total: 100.0% | Item-R: 100.0%
[389/499] mcocr_public_145014ykqth.jpg | Latency: 8.57s | Macro-F1: 87.5% | Seller: 100.0% | Total: 0.0% | Item-R: 100.0%
[390/499] mcocr_val_145115alfzq.jpg | Latency: 9.21s | Macro-F1: 50.0% | Seller: 49.0% | Total: 100.0% | Item-R: 33.3%
[391/499] mcocr_public_145014fxqlw.jpg | Latency: 9.4s | Macro-F1: 75.0% | Seller: 100.0% | Total: 0.0% | Item-R: 100.0%
[392/499] mcocr_public_145014dllhs.jpg | Latency: 14.24s | Macro-F1: 32.1% | Seller: 45.8% | Total: 0.0% | Item-R: 100.0%
[393/499] mcocr_public_145014yryue.jpg | Latency: 4.07s | Macro-F1: 50.0% | Seller: 16.7% | Total: 100.0% | Item-R: 100.0%
[394/499] mcocr_public_145013lmhud.jpg | Latency: 4.72s | Macro-F1: 100.0% | Seller: 94.1% | Total: 100.0% | Item-R: 100.0%
[395/499] mcocr_public_145014cpzwm.jpg | Latency: 10.02s | Macro-F1: 60.0% | Seller: 93.8% | Total: 100.0% | Item-R: 80.0%
[396/499] mcocr_public_145013srvjw.jpg | Latency: 5.97s | Macro-F1: 70.8% | Seller: 45.8% | Total: 100.0% | Item-R: 100.0%
[397/499] mcocr_public_145014aixgf.jpg | Latency: 4.77s | Macro-F1: 100.0% | Seller: 100.0% | Total: 100.0% | Item-R: 100.0%
[398/499] mcocr_val_145115qzmtr.jpg | Latency: 4.7s | Macro-F1: 50.0% | Seller: 100.0% | Total: 0.0% | Item-R: 100.0%
[399/499] mcocr_public_145013amzul.jpg | Latency: 18.76s | Macro-F1: 86.1% | Seller: 100.0% | Total: 0.0% | Item-R: 100.0%
[400/499] mcocr_public_145014nwfmm.jpg | Latency: 10.16s | Macro-F1: 52.5% | Seller: 100.0% | Total: 0.0% | Item-R: 80.0%
[401/499] mcocr_public_145014dqjen.jpg | Latency: 4.78s | Macro-F1: 70.8% | Seller: 75.0% | Total: 0.0% | Item-R: 50.0%
[402/499] mcocr_public_145013zpqsi.jpg | Latency: 4.55s | Macro-F1: 75.0% | Seller: 44.0% | Total: 100.0% | Item-R: 100.0%
[403/499] mcocr_val_145115twueq.jpg | Latency: 4.63s | Macro-F1: 75.0% | Seller: 50.0% | Total: 0.0% | Item-R: 100.0%
[404/499] mcocr_public_145014hngsl.jpg | Latency: 4.88s | Macro-F1: 62.5% | Seller: 100.0% | Total: 100.0% | Item-R: 100.0%
[405/499] mcocr_public_145014slzwi.jpg | Latency: 4.26s | Macro-F1: 37.5% | Seller: 16.7% | Total: 100.0% | Item-R: 0.0%
[406/499] mcocr_val_145114qwedt.jpg | Latency: 5.48s | Macro-F1: 87.5% | Seller: 20.0% | Total: 100.0% | Item-R: 100.0%
[407/499] mcocr_public_145014clbzb.jpg | Latency: 3.0s | Macro-F1: 62.5% | Seller: 12.5% | Total: 0.0% | Item-R: 100.0%
[408/499] mcocr_public_145014bfesf.jpg | Latency: 4.52s | Macro-F1: 100.0% | Seller: 94.1% | Total: 100.0% | Item-R: 100.0%
[409/499] mcocr_public_145014zjcdx.jpg | Latency: 6.13s | Macro-F1: 100.0% | Seller: 94.1% | Total: 100.0% | Item-R: 100.0%
[410/499] mcocr_public_145013aqosh.jpg | Latency: 5.5s | Macro-F1: 75.0% | Seller: 53.7% | Total: 0.0% | Item-R: 100.0%
[411/499] mcocr_val_145115wlqnc.jpg | Latency: 29.96s | Macro-F1: 0.0% | Seller: 0.0% | Total: 0.0% | Item-R: 0.0%
[412/499] mcocr_public_145013tgayt.jpg | Latency: 1.86s | Macro-F1: 87.5% | Seller: 0.0% | Total: 100.0% | Item-R: 100.0%
[413/499] mcocr_public_145014fhmjg.jpg | Latency: 5.04s | Macro-F1: 12.5% | Seller: 49.0% | Total: 0.0% | Item-R: 0.0%
[414/499] mcocr_public_145014xvwfa.jpg | Latency: 4.63s | Macro-F1: 75.0% | Seller: 100.0% | Total: 100.0% | Item-R: 100.0%
[415/499] mcocr_val_145115ousyl.jpg | Latency: 10.67s | Macro-F1: 87.5% | Seller: 100.0% | Total: 100.0% | Item-R: 100.0%
[416/499] mcocr_val_145115zjwco.jpg | Latency: 4.93s | Macro-F1: 87.5% | Seller: 96.3% | Total: 100.0% | Item-R: 100.0%
[417/499] mcocr_public_145014gobol.jpg | Latency: 5.02s | Macro-F1: 62.5% | Seller: 45.8% | Total: 0.0% | Item-R: 100.0%
[418/499] mcocr_val_145114tzwwz.jpg | Latency: 8.95s | Macro-F1: 87.5% | Seller: 100.0% | Total: 100.0% | Item-R: 100.0%
[419/499] mcocr_public_145014qrfai.jpg | Latency: 10.33s | Macro-F1: 91.9% | Seller: 100.0% | Total: 100.0% | Item-R: 100.0%
[420/499] mcocr_public_145013ahfqj.jpg | Latency: 5.18s | Macro-F1: 66.7% | Seller: 100.0% | Total: 100.0% | Item-R: 100.0%
[421/499] mcocr_public_145014pudoo.jpg | Latency: 5.02s | Macro-F1: 75.0% | Seller: 100.0% | Total: 100.0% | Item-R: 100.0%
[422/499] mcocr_public_145014woqkn.jpg | Latency: 2.38s | Macro-F1: 62.5% | Seller: 43.1% | Total: 100.0% | Item-R: 100.0%
[423/499] mcocr_public_145014fvrpp.jpg | Latency: 5.69s | Macro-F1: 100.0% | Seller: 100.0% | Total: 100.0% | Item-R: 100.0%
[424/499] mcocr_public_145014ocmco.jpg | Latency: 5.67s | Macro-F1: 70.8% | Seller: 53.7% | Total: 100.0% | Item-R: 100.0%
[425/499] mcocr_public_145014mcvls.jpg | Latency: 6.84s | Macro-F1: 56.2% | Seller: 100.0% | Total: 100.0% | Item-R: 100.0%
[426/499] mcocr_public_145014wejxq.jpg | Latency: 4.72s | Macro-F1: 87.5% | Seller: 100.0% | Total: 100.0% | Item-R: 100.0%
[427/499] mcocr_public_145014rkuyh.jpg | Latency: 19.63s | Macro-F1: 60.7% | Seller: 78.8% | Total: 100.0% | Item-R: 100.0%
[428/499] mcocr_public_145014xcxaw.jpg | Latency: 3.28s | Macro-F1: 100.0% | Seller: 100.0% | Total: 100.0% | Item-R: 100.0%
[429/499] mcocr_public_145014rvwat.jpg | Latency: 29.9s | Macro-F1: 0.0% | Seller: 0.0% | Total: 0.0% | Item-R: 0.0%
[430/499] mcocr_public_145014ayhsu.jpg | Latency: 4.71s | Macro-F1: 87.5% | Seller: 79.4% | Total: 100.0% | Item-R: 100.0%
[431/499] mcocr_val_145115zzaix.jpg | Latency: 11.94s | Macro-F1: 25.0% | Seller: 16.7% | Total: 100.0% | Item-R: 0.0%
[432/499] mcocr_public_145014sncle.jpg | Latency: 4.93s | Macro-F1: 29.2% | Seller: 36.8% | Total: 0.0% | Item-R: 100.0%
[433/499] mcocr_val_145115jmtuc.jpg | Latency: 13.01s | Macro-F1: 92.9% | Seller: 83.3% | Total: 100.0% | Item-R: 85.7%
[434/499] mcocr_val_145115kbclm.jpg | Latency: 7.99s | Macro-F1: 100.0% | Seller: 100.0% | Total: 100.0% | Item-R: 100.0%
[435/499] mcocr_public_145014zgsjb.jpg | Latency: 5.91s | Macro-F1: 100.0% | Seller: 100.0% | Total: 100.0% | Item-R: 100.0%
[436/499] mcocr_public_145013jwjnj.jpg | Latency: 5.82s | Macro-F1: 83.3% | Seller: 76.0% | Total: 100.0% | Item-R: 100.0%
[437/499] mcocr_public_145014vnfrc.jpg | Latency: 8.32s | Macro-F1: 62.5% | Seller: 100.0% | Total: 100.0% | Item-R: 66.7%
[438/499] mcocr_public_145014zstox.jpg | Latency: 4.61s | Macro-F1: 100.0% | Seller: 100.0% | Total: 100.0% | Item-R: 100.0%
[439/499] mcocr_val_145115pqmli.jpg | Latency: 6.67s | Macro-F1: 87.5% | Seller: 100.0% | Total: 0.0% | Item-R: 100.0%
[440/499] mcocr_public_145014mzlbz.jpg | Latency: 4.31s | Macro-F1: 87.5% | Seller: 100.0% | Total: 100.0% | Item-R: 100.0%
[441/499] mcocr_val_145115thtzv.jpg | Latency: 8.99s | Macro-F1: 100.0% | Seller: 100.0% | Total: 100.0% | Item-R: 100.0%
[442/499] mcocr_val_145115tsmlj.jpg | Latency: 11.05s | Macro-F1: 75.0% | Seller: 63.6% | Total: 100.0% | Item-R: 100.0%
[443/499] mcocr_public_145013bsywa.jpg | Latency: 5.98s | Macro-F1: 75.0% | Seller: 100.0% | Total: 100.0% | Item-R: 100.0%
[444/499] mcocr_public_145014ofcbe.jpg | Latency: 2.09s | Macro-F1: 75.0% | Seller: 100.0% | Total: 0.0% | Item-R: 100.0%
[445/499] mcocr_val_145115yqgrs.jpg | Latency: 10.09s | Macro-F1: 87.5% | Seller: 100.0% | Total: 100.0% | Item-R: 100.0%
[446/499] mcocr_val_145115icpqa.jpg | Latency: 2.36s | Macro-F1: 62.5% | Seller: 44.0% | Total: 100.0% | Item-R: 100.0%
[447/499] mcocr_public_145013hvjbj.jpg | Latency: 2.8s | Macro-F1: 62.5% | Seller: 18.2% | Total: 0.0% | Item-R: 100.0%
[448/499] mcocr_public_145013bjvsn.jpg | Latency: 9.53s | Macro-F1: 60.0% | Seller: 92.3% | Total: 100.0% | Item-R: 80.0%
[449/499] mcocr_public_145014qjkba.jpg | Latency: 9.3s | Macro-F1: 54.2% | Seller: 20.2% | Total: 100.0% | Item-R: 100.0%
[450/499] mcocr_val_145115qfmdv.jpg | Latency: 2.76s | Macro-F1: 75.0% | Seller: 45.8% | Total: 100.0% | Item-R: 100.0%
[451/499] mcocr_public_145014hpkhf.jpg | Latency: 2.42s | Macro-F1: 50.0% | Seller: 12.5% | Total: 0.0% | Item-R: 100.0%
[452/499] mcocr_val_145115jsyyl.jpg | Latency: 9.97s | Macro-F1: 65.8% | Seller: 100.0% | Total: 100.0% | Item-R: 50.0%
[453/499] mcocr_public_145013dsaix.jpg | Latency: 7.12s | Macro-F1: 53.8% | Seller: 0.0% | Total: 100.0% | Item-R: 100.0%
[454/499] mcocr_public_145014phmqt.jpg | Latency: 5.78s | Macro-F1: 62.5% | Seller: 100.0% | Total: 100.0% | Item-R: 50.0%
[455/499] mcocr_public_145013aqeha.jpg | Latency: 6.58s | Macro-F1: 87.5% | Seller: 59.5% | Total: 100.0% | Item-R: 100.0%
[456/499] mcocr_public_145014lqgzd.jpg | Latency: 13.98s | Macro-F1: 52.3% | Seller: 76.9% | Total: 100.0% | Item-R: 100.0%
[457/499] mcocr_public_145014fsrkz.jpg | Latency: 9.94s | Macro-F1: 50.0% | Seller: 40.0% | Total: 0.0% | Item-R: 100.0%
[458/499] mcocr_val_145115aikhi.jpg | Latency: 6.5s | Macro-F1: 75.0% | Seller: 0.0% | Total: 100.0% | Item-R: 100.0%
[459/499] mcocr_public_145014gqlrt.jpg | Latency: 5.98s | Macro-F1: 100.0% | Seller: 100.0% | Total: 100.0% | Item-R: 100.0%
[460/499] mcocr_val_145115ccpwc.jpg | Latency: 6.68s | Macro-F1: 87.5% | Seller: 100.0% | Total: 100.0% | Item-R: 100.0%
[461/499] mcocr_public_145014rotwn.jpg | Latency: 6.17s | Macro-F1: 70.8% | Seller: 48.9% | Total: 0.0% | Item-R: 100.0%
[462/499] mcocr_val_145115zlcqs.jpg | Latency: 6.03s | Macro-F1: 75.0% | Seller: 100.0% | Total: 100.0% | Item-R: 100.0%
[463/499] mcocr_public_145014okiuq.jpg | Latency: 4.28s | Macro-F1: 75.0% | Seller: 45.8% | Total: 100.0% | Item-R: 100.0%
[464/499] mcocr_val_145115ukoor.jpg | Latency: 6.81s | Macro-F1: 87.5% | Seller: 100.0% | Total: 100.0% | Item-R: 100.0%
[465/499] mcocr_val_145115emzeo.jpg | Latency: 5.87s | Macro-F1: 75.0% | Seller: 69.0% | Total: 100.0% | Item-R: 100.0%
[466/499] mcocr_public_145014kbcho.jpg | Latency: 3.7s | Macro-F1: 87.5% | Seller: 100.0% | Total: 100.0% | Item-R: 100.0%
[467/499] mcocr_val_145115cgdhv.jpg | Latency: 12.42s | Macro-F1: 100.0% | Seller: 100.0% | Total: 100.0% | Item-R: 100.0%
[468/499] mcocr_public_145013ezyfw.jpg | Latency: 11.31s | Macro-F1: 47.0% | Seller: 19.0% | Total: 100.0% | Item-R: 57.1%
[469/499] mcocr_val_145115oaaeo.jpg | Latency: 6.54s | Macro-F1: 100.0% | Seller: 100.0% | Total: 100.0% | Item-R: 100.0%
[470/499] mcocr_public_145014hpikq.jpg | Latency: 4.82s | Macro-F1: 87.5% | Seller: 100.0% | Total: 0.0% | Item-R: 100.0%
[471/499] mcocr_val_145115opevw.jpg | Latency: 11.03s | Macro-F1: 72.2% | Seller: 100.0% | Total: 100.0% | Item-R: 100.0%
[472/499] mcocr_public_145014bznim.jpg | Latency: 16.55s | Macro-F1: 56.2% | Seller: 68.4% | Total: 100.0% | Item-R: 83.3%
[473/499] mcocr_public_145013bpcpt.jpg | Latency: 4.74s | Macro-F1: 87.5% | Seller: 72.0% | Total: 100.0% | Item-R: 100.0%
[474/499] mcocr_public_145014heqey.jpg | Latency: 8.09s | Macro-F1: 37.5% | Seller: 49.0% | Total: 100.0% | Item-R: 33.3%
[475/499] mcocr_public_145014pevvt.jpg | Latency: 10.34s | Macro-F1: 87.5% | Seller: 100.0% | Total: 100.0% | Item-R: 100.0%
[476/499] mcocr_val_145115ydjya.jpg | Latency: 5.1s | Macro-F1: 70.8% | Seller: 100.0% | Total: 100.0% | Item-R: 100.0%
[477/499] mcocr_public_145014kdvhb.jpg | Latency: 14.93s | Macro-F1: 0.0% | Seller: 12.5% | Total: 0.0% | Item-R: 0.0%
[478/499] mcocr_public_145014izcur.jpg | Latency: 8.4s | Macro-F1: 62.5% | Seller: 100.0% | Total: 0.0% | Item-R: 100.0%
[479/499] mcocr_val_145115yijqt.jpg | Latency: 6.87s | Macro-F1: 65.0% | Seller: 43.1% | Total: 100.0% | Item-R: 100.0%
[480/499] mcocr_public_145014fdlxd.jpg | Latency: 6.14s | Macro-F1: 83.3% | Seller: 94.1% | Total: 100.0% | Item-R: 100.0%
[481/499] mcocr_public_145014htnck.jpg | Latency: 16.4s | Macro-F1: 39.0% | Seller: 100.0% | Total: 0.0% | Item-R: 50.0%
[482/499] mcocr_public_145014lcffb.jpg | Latency: 8.46s | Macro-F1: 79.2% | Seller: 100.0% | Total: 100.0% | Item-R: 100.0%
[483/499] mcocr_public_145013yewns.jpg | Latency: 4.33s | Macro-F1: 75.0% | Seller: 43.1% | Total: 100.0% | Item-R: 100.0%
[484/499] mcocr_public_145013ibbrd.jpg | Latency: 8.87s | Macro-F1: 91.7% | Seller: 100.0% | Total: 100.0% | Item-R: 100.0%
[485/499] mcocr_val_145115buhji.jpg | Latency: 6.46s | Macro-F1: 83.3% | Seller: 100.0% | Total: 100.0% | Item-R: 100.0%
[486/499] mcocr_public_145014vnsjq.jpg | Latency: 4.88s | Macro-F1: 87.5% | Seller: 94.1% | Total: 100.0% | Item-R: 100.0%
[487/499] mcocr_public_145013ycbtn.jpg | Latency: 5.76s | Macro-F1: 87.5% | Seller: 53.7% | Total: 100.0% | Item-R: 100.0%
[488/499] mcocr_val_145115bsuyk.jpg | Latency: 7.57s | Macro-F1: 100.0% | Seller: 100.0% | Total: 100.0% | Item-R: 100.0%
[489/499] mcocr_public_145014hpdwx.jpg | Latency: 5.7s | Macro-F1: 68.8% | Seller: 100.0% | Total: 100.0% | Item-R: 50.0%
[490/499] mcocr_public_145014rsbuj.jpg | Latency: 9.74s | Macro-F1: 98.2% | Seller: 100.0% | Total: 100.0% | Item-R: 100.0%
[491/499] mcocr_val_145115gautg.jpg | Latency: 14.36s | Macro-F1: 63.1% | Seller: 87.0% | Total: 0.0% | Item-R: 100.0%
[492/499] mcocr_val_145115azqhi.jpg | Latency: 8.23s | Macro-F1: 83.3% | Seller: 100.0% | Total: 100.0% | Item-R: 100.0%
[493/499] mcocr_public_145014neytd.jpg | Latency: 7.68s | Macro-F1: 100.0% | Seller: 100.0% | Total: 100.0% | Item-R: 100.0%
[494/499] mcocr_public_145014gfgse.jpg | Latency: 4.28s | Macro-F1: 87.5% | Seller: 100.0% | Total: 100.0% | Item-R: 100.0%
[495/499] mcocr_public_145014otrlb.jpg | Latency: 6.85s | Macro-F1: 51.2% | Seller: 100.0% | Total: 0.0% | Item-R: 66.7%
[496/499] mcocr_public_145013wokiq.jpg | Latency: 6.65s | Macro-F1: 62.5% | Seller: 49.0% | Total: 100.0% | Item-R: 100.0%
[497/499] mcocr_val_145115jagxw.jpg | Latency: 6.56s | Macro-F1: 87.5% | Seller: 100.0% | Total: 0.0% | Item-R: 100.0%
[498/499] mcocr_public_145014pzlbd.jpg | Latency: 4.43s | Macro-F1: 95.8% | Seller: 76.5% | Total: 100.0% | Item-R: 50.0%
[499/499] mcocr_public_145013xafsi.jpg | Latency: 3.86s | Macro-F1: 75.0% | Seller: 100.0% | Total: 0.0% | Item-R: 100.0%

✅ Hoàn thành đánh giá MCOCR: Qwen3-VL (8B) - LoRA v2 (Enhanced)!
>>> [2/2] Hoàn thành MCOCR Benchmark lúc: Tue Sep 15 12:36:53 PM +07 2026
==========================================================================
🎉 HOÀN TẤT TOÀN BỘ 2 BỘ DỮ LIỆU (1,166 + 499 = 1,665 MẪU)!
Thời gian kết thúc: Tue Sep 15 12:36:53 PM +07 2026
==========================================================================
